12,机械及工业制品,0
13,电子、电工,0
14,化工,0
15,礼品、工艺品、饰品,0
16,家居用品,0
17,建筑、建材,0
18,服装、鞋帽,0
19,纺织、皮革,0
20,电脑、软件,0
21,办公、文教,0
22,商务服务,0
23,食品、饮料,0
24,包装,0
25,农业,0
26,医药、保养,0
27,冶金矿产,0
28,汽摩及配件,0
29,运动、休闲,0
30,家用电器,0
31,通讯产品,0
32,安全、防护,0
33,印刷、出版,0
34,能源,0
35,玩具,0
36,环保,0
37,交通运输,0
38,纸业,0
39,化工设备,12
40,塑料生产加工设备,12
41,石油加工设备,12
42,包装相关设备,12
43,包装成型机械,12
44,印刷机械,12
45,农业机械,12
46,水处理设施,12
47,清洗、清理设备,12
48,节能设备,12
49,废气处理设备,12
50,除尘设备,12
51,环保监测设备,12
52,发电机、发电机组,12
53,高压电器,12
54,电子、电工产品制造设备,12
55,输电设备及材料,12
56,纺织设备和器材,12
57,造纸设备及配件,12
58,制鞋及鞋修理设备,12
59,陶瓷、搪瓷生产加工机械,12
60,玩具加工设备,12
61,堆垛搬运机械,12
62,阀门,12
63,模具,12
64,密封件,12
65,链条、链轮,12
66,锻件,12
67,液压元件,12
68,风机、排风设备,12
69,内燃机,12
70,气动工具,12
71,建筑装饰五金,12
72,日用五金,12
73,金刚石工具,12
74,矿业设备,12
75,换热、制冷空调设备,12
76,机械加工,12
77,机械及工业制品项目合作,12
78,噪声控制设备,12
79,电动机,12
80,电工电器成套设备,12
81,工业自动控制系统及装备,12
82,工程与建筑机械,12
83,皮革加工设备,12
84,服装加工设备,12
85,家具制造机械,12
86,电脑产品制造设备,12
87,行业专用设备,12
88,机床,12
89,泵,12
90,刀具、夹具,12
91,弹簧,12
92,粉末冶金元件,12
93,传送带,12
94,液压机械及部件,12
95,压缩、分离设备,12
96,手动工具,12
97,工具包、工具箱,12
98,磨具、磨料,12
99,五金冲压件,12
102,打气筒,12
103,冶金设备,12
104,商业专用设备,12
105,二手机械设备,12
106,工业制品代理,12
107,废弃物处理设备,12
108,低压电器,12
109,工业用纸,12
110,电热设备,12
111,食品、饮料加工设备,12
112,纸加工机械,12
113,整熨洗涤设备,12
114,工艺礼品加工设备及配件,12
115,家电制造设备,12
116,工业锅炉及配件,12
117,仪器、仪表,12
118,轴承,12
119,紧固件,12
120,齿轮,12
121,铸件,12
122,气动元件,12
123,过滤器、过滤设备,12
124,减速机、变速机,12
125,电动工具,12
126,焊接设备与材料,12
127,五金配件,12
128,五金模具,12
129,工业胶带,12
130,金属线、管、板制造设备,12
131,金融专用设备,12
132,库存设备及工业用品,12
133,工业制品,12
1387,电子元器件及组件,13
1388,低压电器,13
1389,开关电源,13
1390,发电机、发电机组,13
1391,焊接设备与材料,13
1392,电工胶带,13
1393,光电子、激光仪器,13
1394,灯具、灯饰,13
1395,手电筒,13
1396,仪器、仪表,13
1397,雷达及无线导航,13
1398,库存电子、电工产品,13
1399,电子、电工项目合作,13
1400,电子材料,13
1401,高压电器,13
1402,电工电器成套设备,13
1403,电动机,13
1404,电线、电缆,13
1405,输电设备及材料,13
1406,电热设备,13
1407,电光源,13
1408,电池,13
1409,广电、电信设备,13
1410,电子、电工产品制造设备,13
1411,电子、电工产品代理,13
1412,二手电子、电工产品,13
1413,电声器件,13
1414,开关,13
1415,工业自动控制系统及装备,13
1416,电动工具,13
1417,插头、插座,13
1418,防静电产品,13
1419,显示设备,13
1420,照明器附件,13
1421,充电器,13
1422,天线,13
1423,电子、电工产品加工,13
1424,电子工业用助剂,13
2666,无机化工原料,14
2667,日用化学品,14
2668,食品添加剂,14
2669,颜料,14
2670,农药,14
2671,工业用清洗剂,14
2672,石油加工设备,14
2673,塑料生产加工设备,14
2674,其他树脂,14
2675,石油及制品,14
2676,肥料,14
2677,化工废料,14
2678,化工产品,14
2679,化工项目合作,14
2680,有机化工原料,14
2681,涂料,14
2682,饲料添加剂,14
2683,染料,14
2684,医药原料、中间体,14
2685,生物化工,14
2686,塑料原料,14
2687,橡胶原料,14
2688,聚氨脂,14
2689,化学纤维,14
2690,催化剂,14
2691,库存化工品,14
2692,化工产品加工,14
2693,二手化工产品设备,14
2694,化工助剂,14
2695,胶粘剂,14
2696,化学试剂,14
2697,香料、香精,14
2698,油墨,14
2699,化工设备,14
2700,塑料制品,14
2701,橡胶制品,14
2702,其他聚合物,14
2703,玻璃,14
2704,实验室用品,14
2705,陶瓷,14
2706,化工产品代理,14
460,树脂工艺品,15
462,仿生仿真工艺品,15
464,宗教工艺品,15
465,工艺用五金工具,15
466,工艺礼品加工,15
469,金银珠宝首饰,15
470,节庆用品,15
471,钟表,15
473,钥匙扣、链、绳带,15
474,闪光用品,15
475,模型玩具,15
476,墨、砚,15
477,鲜花,15
478,金属工艺品,15
479,水晶工艺品,15
480,纺织、编结工艺品,15
481,石料工艺品,15
482,宝石玉石工艺品,15
423,时尚配饰,15
427,广告礼品,15
430,相框、画框,15
433,蜡烛及烛台,15
442,古董和收藏品,15
445,装饰盒,15
447,礼品袋,15
449,盆景,15
451,库存工艺礼品,15
453,玻璃工艺品,15
455,塑料工艺品,15
457,民间工艺品,15
503,植物编织工艺品,15
504,天然工艺品,15
505,纸制工艺品,15
506,工艺原料,15
507,二手工艺礼品加工设备,15
508,工艺礼品项目合作,15
493,打火机、烟具,15
494,熏香及熏香炉,15
495,纪念品,15
496,乐器,15
497,旗帜,15
498,殡葬用品,15
499,竹木工艺品,15
500,陶瓷工艺品,15
501,雕刻工艺品,15
484,仿古工艺品,15
485,雕塑,15
487,工艺礼品加工设备及配件,15
488,工艺礼品代理,15
490,摆（挂）件饰品,15
491,字画、工艺画,15
1646,箱包、袋、皮具,16
1647,炊具,16
1648,日用化学品,16
1649,生活用纸,16
1650,保温容器,16
1651,办公家具,16
1652,卧室家具,16
1653,庭院、户外休闲家具,16
1654,书房家具,16
1655,居室灯具,16
1656,家用塑料制品,16
1657,家用陶瓷、搪瓷制品,16
1658,家用衡器,16
1659,家居用品库存,16
1660,其它,16
1661,餐具,16
1662,灶具,16
1663,个人护理用具,16
1664,钟表,16
1665,雨具、太阳伞,16
1666,客厅家具,16
1667,儿童家具,16
1668,酒店家具,16
1669,公共场所家具,16
1670,床上用品,16
1671,家用金属制品,16
1672,家用玻璃制品,16
1673,家用橡(乳)胶制品,16
1674,家居用品代理,16
1675,厨具,16
1676,厨房用纺织品,16
1677,清洁用具,16
1678,打火机、烟具,16
1679,婴儿用品,16
1680,餐厅家具,16
1681,门厅家具,16
1682,学校家具,16
1683,家具配件附件,16
1684,日用挂摆饰,16
1685,家用竹、木制品,16
1686,衣架、衣夹,16
1687,缝纫编织,16
1688,家居用品项目合作,16
2918,建筑用涂料,17
2919,地板,17
2920,地毯,17
2921,建筑装饰五金,17
2922,石材石料,17
2923,保温、隔热材料,17
2924,塑料建材,17
2925,建筑玻璃,17
2926,水泥及制品,17
2927,石灰、石膏,17
2928,钢结构,17
2929,厨房设施,17
2930,面盆及配件,17
2931,浴缸及配件,17
2932,管道系统,17
2933,工程承包,17
2934,陶瓷、搪瓷生产加工机械,17
2935,作业保护,17
2936,二手建材设备,17
2937,建筑项目合作,17
2938,建筑陶瓷,17
2939,木质材料,17
2940,窗帘,17
2941,门,17
2942,耐火、防火材料,17
2943,隔音、吸声材料,17
2944,金属建材,17
2945,隔断与吊顶,17
2946,砖、瓦及砌块,17
2947,沥青,17
2948,管材,17
2949,卫浴用五金件,17
2950,座厕及配件,17
2951,台面,17
2952,居室灯具,17
2953,活动房,17
2954,建材生产加工机械,17
2955,匠作工具,17
2956,建材加工,17
2957,其它,17
2958,建筑用粘合剂,17
2959,装饰线板,17
3056,壁纸、壁布,17
3057,窗,17
3058,防水、防潮材料,17
3059,绝缘材料,17
3060,特种建材,17
3061,工地施工材料,17
3062,混凝土及制品,17
3063,砂浆,17
3064,管件,17
3065,淋浴房、淋浴器,17
3066,花洒及配件,17
3067,楼宇设施,17
3068,工程与建筑机械,17
3069,堆垛搬运机械,17
3070,镜台、梳妆台,17
3071,库存建材,17
3072,装饰建材代理,17
681,女上装,18
682,女士内衣,18
683,男上装,18
684,儿童服装,18
685,制服、工作服,18
686,礼服、婚纱,18
687,服装辅料,18
688,童鞋,18
689,制鞋及鞋修理设备,18
690,男包系列,18
691,袜子,18
692,服装展示道具,18
693,二手服装鞋帽加工设备,18
694,服装鞋帽代理,18
695,女裙,18
696,女套装,18
697,男裤,18
698,婴儿服装,18
699,民族服装、舞台装,18
700,特殊用途服装,18
701,女鞋,18
702,鞋材、鞋件,18
703,围巾、丝巾、披肩,18
704,手套,18
705,皮带及配件,18
706,服装加工设备,18
707,库存服饰,18
708,服装鞋帽项目合作,18
709,女裤,18
710,孕妇装,18
711,男士内衣,18
712,中老年服装,18
713,泳装、泳裤,18
714,特殊尺寸服装、鞋帽,18
715,男鞋,18
716,库存鞋及鞋材,18
717,女包系列,18
718,帽子,18
719,领带,18
720,整熨洗涤设备,18
721,服装鞋帽加工,18
722,其它,18
1922,天然纺织原料,19
1923,棉类系列面料,19
1924,丝绸系列面料,19
1925,化纤面料、里料,19
1926,色织、扎染、印花布,19
1927,纺织废料,19
1928,装饰用纺织品,19
1929,毛巾,19
1930,生皮、毛皮（皮革原料）,19
1931,箱包、袋、皮具,19
1932,库存皮革及制品,19
1933,纺织、皮革制品代理,19
1934,化学纤维,19
1935,麻类系列面料,19
1936,混纺、交织类面料,19
1937,坯布,19
1938,其他面料,19
1939,纺织设备和器材,19
1940,厨房用纺织品,19
1941,纺织、编结工艺品,19
1942,皮革助剂,19
1943,皮革加工设备,19
1944,二手纺织、皮革加工设备,19
1945,纺织皮革相关项目合作,19
1946,纱线,19
1947,毛纺系列面料,19
1948,针织面料,19
1949,非织造及工业用布,19
1950,纺织辅料,19
1951,床上用品,19
1952,毯子,19
1953,皮革及人造皮革,19
1954,皮革废料,19
1955,库存纺织品,19
1956,纺织、皮革加工,19
1957,其它,19
3122,CPU,20
3123,硬盘,20
3124,显示器,20
3125,机箱电源,20
3126,台式机,20
3127,移动PC,20
3128,网络工程,20
3129,数码摄像头,20
3130,数码录音笔,20
3131,数码配件,20
3132,视讯会议系统,20
3133,光盘、磁盘,20
3134,扫描仪,20
3135,UPS电源,20
3136,绘图机,20
3137,麦克风、话筒,20
3138,管理软件,20
3139,游戏娱乐软件,20
3140,软件代理,20
3141,电脑产品制造设备,20
3142,电脑产品加工,20
3143,电脑项目合作,20
3144,主板,20
3145,插卡类,20
3146,鼠标、键盘,20
3147,风扇、散热片,20
3148,笔记本电脑,20
3149,工控电脑产品,20
3150,MP3,20
3151,数码相机,20
3152,MD,20
3153,PDA,20
3154,打印机耗材,20
3155,电脑相关用品,20
3156,电脑读卡器,20
3157,电脑游戏周边产品,20
3158,耳机,20
3159,电视接收器,20
3160,行业专用软件,20
3161,因特网服务,20
3162,信息技术项目合作,20
3163,二手电脑产品加工设备,20
3164,电脑维修、安装,20
3165,其它,20
3166,内存,20
3167,驱动器,20
3168,机箱,20
3169,电脑连线、接口线,20
3170,服务器、工作站,20
3171,网络设备、配件,20
3172,便携式碟机,20
3173,数码摄像机,20
3174,掌上影院,20
3175,复读机、学习机,20
3176,移动存储,20
3177,打印机,20
3178,触控产品,20
3179,打字机、刻字机,20
3180,音箱,20
3181,工具软件,20
3182,教育教学软件,20
3183,软件开发,20
3184,二手电脑及用品,20
3185,库存电脑产品,20
3186,电脑产品代理,20
812,学习文具,21
813,收纳用品,21
814,胶粘用品,21
815,会计用品,21
816,证卡、奖品,21
817,教学模型、器材,21
818,学校家具,21
819,教育教学软件,21
820,办公家具,21
821,光学仪器,21
822,相框,21
823,光学计量标准器具,21
824,摄影服务,21
825,库存办公、文教用品,21
826,办公文教用品代理,21
827,簿、本、册,21
828,装订用品,21
829,美术用品,21
830,裁剪用品,21
831,文具配件,21
832,实验室用品,21
833,复读机、学习机,21
834,文教用橡(乳)胶制品,21
835,办公用纸,21
836,摄像器材,21
837,相纸、相册,21
838,光学加工机械,21
839,办公挂摆饰,21
840,二手办公文教用品,21
841,办公、文教项目合作,21
842,笔类,21
843,涂改用品,21
844,绘图文具,21
845,计算器,21
846,书写板、擦,21
847,实验室专用设备,21
848,PDA,21
849,文化办公设备,21
850,打印机耗材,21
851,眼镜及配件,21
852,胶片、胶卷,21
853,电影放映设备,21
854,翻译,21
855,办公文教用品加工,21
856,其它,21
2110,广告,22
2111,不动产,22
2112,公司注册,22
2113,清洗,22
2114,租赁、典当,22
2115,配额、批文,22
2116,物流,22
2117,知识产权,22
2118,维修、安装,22
2119,产权转让,22
2120,保险,22
2121,法律服务,22
2122,商展、会议,22
2123,移民、签证,22
2124,教育、培训,22
2125,翻译,22
2126,软件开发,22
2127,摄影服务,22
2128,策划、设计,22
2129,技术合作,22
2130,旅游服务,22
2131,商标注册,22
2132,中介服务,22
2133,拍卖,22
2134,咨询、调研,22
2135,招聘,22
2136,风险投资,22
2137,宾馆、餐饮,22
2138,医疗服务,22
2139,超市、百货、便利店,22
2140,工程承包,22
2141,其它,22
2142,票务,22
2143,劳务输出,22
2144,地区、政府招商引资,22
2145,招标、投标,22
3271,生鲜水果,23
3272,新鲜蔬菜,23
3273,禽蛋,23
3274,茶叶,23
3275,加工水产品,23
3276,淀粉,23
3277,酒类,23
3278,冷饮,23
3279,休闲食品,23
3280,肉制品,23
3281,蛋制品,23
3282,食品饮料代理,23
3283,二手食品饮料加工设备,23
3284,其它,23
3285,鲜活水产品,23
3286,食用菌,23
3287,咖啡豆、可可,23
3288,米面类,23
3289,食用油,23
3290,蜜制品,23
3291,软饮料,23
3292,调味品,23
3293,方便食品,23
3294,乳制品,23
3295,食品、饮料加工设备,23
3296,食品饮料项目合作,23
3297,库存食品、饮料,23
3298,粮食,23
3299,禽类,23
3300,蔬菜制品,23
3301,肉类,23
3302,糖类,23
3303,果肉、粉、原浆,23
3304,冲饮品,23
3305,保健食品,23
3306,罐头食品,23
3307,豆制品,23
3308,食品添加剂,23
3309,食品饮料加工,23
3310,食品储运设备,23
1039,包装材料,24
1040,玻璃包装制品,24
1041,布料包装制品,24
1042,其它,24
1043,标签、标牌,24
1044,包装相关设备,24
1045,二手包装设备,24
1046,包装产品代理,24
1047,塑料包装制品,24
1048,金属包装制品,24
1049,复合材料包装制品,24
1050,托盘,24
1051,包装成型机械,24
1052,包装印刷加工,24
1053,包装项目合作,24
1054,纸类包装制品,24
1055,竹木包装制品,24
1056,包装制品配附件,24
1057,胶带,24
1058,绳索、扎带,24
1059,包装检测设备,24
1060,包装产品设计及加工,24
2197,生鲜水果,25
2198,园艺用具,25
2199,食用菌,25
2200,饲料,25
2201,养殖动物,25
2202,禽类,25
2203,蚕茧、蚕丝,25
2204,肠衣,25
2205,动植物种苗,25
2206,茶叶,25
2207,含油子仁、果仁、籽,25
2208,生皮、毛皮（皮革原料）,25
2209,竹木、藤苇、干草,25
2210,动植物油,25
2211,羽毛、羽绒,25
2212,农业机械,25
2213,鲜活水产品,25
2214,农林牧渔项目合作,25
2215,农用品,25
2216,毛纺原料,25
2217,原棉、麻、毛、丝初加工设备,25
2218,动物毛鬃,25
2219,二手农副产品加工设备,25
2220,粮食,25
2221,肥料,25
2222,牲畜,25
2223,棉类,25
2224,农副产品代理,25
2225,咖啡豆、可可,25
2226,其它,25
2227,花木,25
2228,植物提取物,25
2229,农药,25
2230,木炭,25
2231,农副产品加工,25
2232,库存农副产品,25
2233,麻类,25
2234,烟草,25
2235,辛辣蔬菜,25
2236,新鲜蔬菜,25
2237,饲料添加剂,25
2238,农业用橡(乳)胶制品,25
2239,畜用药,25
2240,禽蛋,25
2241,动物提取物,25
3483,个人护理用具,26
3484,制药设备,26
3485,医药、保健项目合作,26
3486,药酒、保健酒,26
3487,医药产品加工,26
3488,保健用品,26
3489,消毒产品,26
3490,生物制品,26
3491,医疗服务,26
3492,医疗器械制造设备,26
3493,二手医药产品加工设备,26
3494,医药原料、中间体,26
3495,保健茶,26
3496,其它,26
3497,化学药,26
3498,保健食品,26
3499,医药、保健品代理,26
3500,医疗器械,26
3501,功能饮料,26
3502,医疗设备,26
3503,中药饮片,26
3504,库存医药用品,26
3505,医用材料,26
3506,康复产品,26
3507,中成药,26
3508,医用橡(乳)胶制品,26
3509,药材,26
3510,性用品,26
3511,减肥增重产品,26
3512,畜用药,26
3513,整形美容用品,26
3514,酶(酵素)制剂,26
3515,特殊药品,26
1139,钢铁及制品,27
1140,铸件,27
1141,粉末冶金,27
1142,炉料、熔剂,27
1143,矿业设备,27
1144,有色金属,27
1145,有色金属合金,27
1146,稀土及稀土制品,27
1147,其它,27
1148,非金属矿产,27
1149,冶金设备,27
1150,非金属矿物制品,27
1151,黑色金属及制品,27
1152,磁性材料,27
1153,废金属,27
1154,铁合金及制品,27
1155,冶金矿产项目合作,27
1156,冶金矿产代理,27
1157,有色金属制品,27
1158,金属线、管、板制造设备,27
1159,有色金属合金制品,27
1160,金属丝网,27
1161,金属矿产,27
1162,石墨及碳素产品,27
1163,冶炼加工,27
1164,二手冶炼加工设备,27
2341,乘用车,28
2342,发动系统,28
2343,转向系统,28
2344,减震系统,28
2345,轮胎,28
2346,摩托车配（附）件,28
2347,库存汽摩及配件,28
2348,汽车装潢内饰用品,28
2349,汽车锁,28
2350,维修设备,28
2351,汽摩产品制造设备,28
2352,汽摩及配件加工,28
2353,商用车,28
2354,传动系统,28
2355,燃油系统,28
2356,电源、点火系统,28
2357,车身及附件,28
2358,交通安全设备,28
2359,汽车影音,28
2360,汽车装潢外饰用品,28
2361,汽车通讯,28
2362,防护保养品,28
2363,停车场、加油站设备,28
2364,汽摩及配件代理,28
2365,其他专用汽车,28
2366,制动系统,28
2367,冷却系统,28
2368,车用仪表,28
2369,摩托车,28
2370,二手汽摩,28
2371,汽车安全用品,28
2372,汽车小电器,28
2373,检测设备,28
2374,维护工具,28
2375,二手汽配加工设备,28
2376,其它,28
3541,体育用品,29
3542,宾馆酒店用品,29
3543,健身,29
3544,烧烤用具,29
3545,钓鱼,29
3546,登山扣,29
3547,棋类,29
3548,舞蹈用品,29
3549,宠物及用品,29
3550,其它,29
3551,纪念品,29
3552,水族器材,29
3553,酒店家具,29
3554,运动休闲用品代理,29
3555,运动休闲用品加工,29
3556,二手运动休闲用品,29
3557,游艺设施,29
3558,旅游、户外用品,29
3559,太阳镜,29
3560,乐器,29
3561,扑克,29
3562,库存运动休闲产品,29
3563,运动休闲用品项目合作,29
1204,收音、录音机,30
1205,音响产品,30
1206,家庭影院,30
1207,电风扇,30
1208,空气净化器,30
1209,电驱蚊器,30
1210,家电制造设备,30
1211,家用电器产品代理,30
1212,其它,30
1213,浴霸,30
1214,柔巾机,30
1215,电熨斗,30
1216,电灶具,30
1217,多士炉、烤面包机,30
1218,消毒柜,30
1219,排气、换气扇,30
1220,榨汁机,30
1221,碟机,30
1222,视听周边设备,30
1223,录像机,30
1224,饮水机,30
1225,湿度调节器,30
1226,遥控器,30
1227,二手家用电器,30
1228,家用电器加工,30
1229,热水器,30
1230,电吹风,30
1231,理发器,30
1232,冰箱、冷柜,30
1233,电热壶、电热杯,30
1234,微波炉,30
1235,洗碗机,30
1236,咖啡机,30
1237,豆浆机,30
1238,电视机,30
1239,掌上影院,30
1240,空调,30
1241,电暖器、取暖器,30
1242,吸尘器,30
1243,氧气机,30
1244,库存家用电器,30
1245,家电项目合作,30
1246,洗衣机、干衣机,30
1247,干手机,30
1248,给皂液机,30
1249,净水器,30
1250,电饭煲、电饭锅,30
1251,抽油烟机,30
1252,烤箱,30
1253,搅拌机,30
1254,煮蛋器,30
2525,网络通信产品,31
2526,锂电池,31
2527,电话机、可视电话,31
2528,相关产品,31
2529,智能卡,31
2530,通信产品代理,31
2531,传真机,31
2532,拨号器,31
2533,通讯产品维修工具及设备,31
2534,控制和调整设备,31
2535,寻呼机,31
2536,通讯产品配件部件,31
2537,充电器,31
2538,广电、电信设备,31
2539,对讲机,31
2540,交换机,31
2541,IP卡,31
2542,集团电话,31
2543,二手通讯产品,31
2544,其它,31
2545,雷达及无线导航,31
2546,移动电话,31
2547,手机饰品,31
2548,通讯电缆及光纤,31
2549,天线,31
2550,通讯、声讯系统,31
2551,GPS系统,31
2552,手机袋,31
2553,通讯产品制造设备,31
2554,通讯产品加工,31
2555,来电显示器,31
3592,监控器材及系统,32
3593,消防设备,32
3594,防雷避雷产品,32
3595,救生器材,32
3596,门禁考勤器材及系统,32
3597,作业保护,32
3598,防弹、防暴器材,32
3599,安全防护产品项目合作,32
3600,其它,32
3601,防盗、报警器材及系统,32
3602,安全检查设备,32
3603,防静电产品,32
3604,自然灾害防护产品,32
3605,楼宇对讲设备,32
3606,运动护具,32
3607,安全、防护用品代理,32
3608,安全、防护用品加工,32
3609,交通安全设备,32
3610,电子巡更系统,32
3611,军需用品,32
3612,锁具,32
3613,智能卡,32
3614,防身用具,32
3615,库存安全防护产品,32
3616,二手安全、防护设备,32
1312,印刷品，出版物,33
1313,台历、挂历、贺卡,33
1314,不干胶制品,33
1315,制版、印刷耗材,33
1316,二手印刷设备,33
1317,书刊印刷加工,33
1318,印刷机械,33
1319,广告材料,33
1320,音像制品及电子读物,33
1321,商业印刷加工,33
1322,色标、色卡,33
1323,印刷出版产品代理,33
1324,簿、本、册,33
1325,包装印刷加工,33
1326,油墨,33
1327,激光防伪,33
1328,其它,33
1329,媒体和传播,33
2566,电池,34
2567,矿业设备,34
2568,太阳能及再生能源,34
2569,能源产品代理,34
2570,能源产品加工,34
2571,发电机、发电机组,34
2572,煤及制品,34
2573,石油加工设备,34
2574,其它,34
2575,天然气,34
2576,石油及制品,34
2577,UPS电源,34
2578,能源项目合作,34
2579,电力,34
2580,煤气,34
3703,塑料玩具,35
3704,益智玩具,35
3705,玩具车,35
3706,木制玩具,35
3707,其它,35
3708,玩具配件,35
3709,童车及配件,35
3710,玩具枪,35
3711,工艺礼品项目合作,35
3712,玩具代理,35
3713,玩具加工设备,35
3714,电子玩具,35
3715,填充、绒毛玩具,35
3716,电动玩具,35
3717,模型玩具,35
3718,娃娃,35
3719,玩具珠、球,35
3720,玩具加工,35
3721,库存玩具,35
3722,漫画公仔,35
3723,玩具项目合作,35
3724,二手玩具加工设备,35
1353,水处理设施,36
1354,清洗、清理设备,36
1355,废金属,36
1356,废气处理设备,36
1357,环保监测设备,36
1358,环保项目合作,36
1359,噪声控制设备,36
1360,环保产品加工,36
1361,过滤器、过滤设备,36
1362,水处理化学品,36
1363,节能设备,36
1364,除尘设备,36
1365,废料回收再利用,36
1366,废纸,36
1367,废弃物处理设备,36
1368,电子浆料,36
1369,风机、排风设备,36
1370,公共环卫设施,36
1371,化工废料,36
1372,其它,36
1373,环保产品代理,36
1374,纺织废料,36
1375,皮革废料,36
1376,二手环保产品加工设备,36
2630,物流,37
2631,废气处理设备,37
2632,二手交通产品及用具,37
2633,电动车和配件,37
2634,电梯及配件,37
2635,库存交通产品及用具,37
2636,交通安全设备,37
2637,集装箱,37
2638,其它,37
2639,自行车、三轮车及配件,37
2640,铁路、地铁用设备器材,37
2641,飞行器及配件,37
2642,轮胎,37
2643,交通项目合作,37
2644,交通运输产品加工,37
2645,船舶及配件,37
2646,交通产品代理,37
3725,包装用纸,38
3726,生活用纸,38
3727,文化、印刷用纸,38
3728,办公用纸,38
3729,工业用纸,38
3730,壁纸、壁布,38
3731,其他用途纸,38
3732,色标、色卡,38
3733,废纸,38
3734,纸浆,38
3735,造纸助剂,38
3736,造纸设备及配件,38
3737,纸加工机械,38
3738,纸及纸品加工,38
3739,纸及纸品代理,38
3740,纸及纸品项目合作,38
3741,其它,38
134,玻璃工业专用设备,39
135,反应器,39
136,分离设备,39
137,压力容器,39
138,制冷设备,39
139,化工仪表,39
140,化工管道及配件,39
141,橡胶工业专用设备,39
142,干燥设备,39
143,粉碎设备,39
144,输送设备,39
145,环保设备,39
146,化工成套设备,39
147,化工设备,39
148,储运设备,39
149,混合设备,39
150,传热设备,39
151,实验设备,39
152,成型设备,39
153,化工设备配件,39
261,注塑机,40
262,中空吹塑机,40
263,封切机,40
264,吹膜机,40
265,喷涂设备,40
266,注塑辅助设备,40
267,压延机,40
268,造粒机,40
269,其它,40
381,钻采设备,41
382,炼化设备,41
383,其它,41
154,充填机械,42
155,裹包机械,42
156,打码、喷码机,42
157,捆扎机械,42
158,包装生产线,42
159,灌装机械,42
160,多功能包装机,42
161,清洗机械,42
162,集装机械,42
163,包装相关设备,42
164,封口机械,42
165,贴标机械,42
166,杀菌机、干燥机,42
167,辅助包装设备,42
270,纸包装机械,43
271,其它,43
272,塑料包装机械,43
273,金属包装机械,43
384,印刷设备,44
385,印后加工设备,44
386,排版设备,44
387,制版设备,44
168,食用油加工机械,45
169,饲料加工机械,45
170,畜牧、养殖设备及用具,45
171,种植机械,45
172,收获机械,45
173,柴油机,45
174,屠宰及肉类初加工设备,45
175,粮食加工机械,45
176,林业机械,45
177,微灌机械,45
178,场上作业机械,45
179,农业实验设备,45
180,肥料加工机械,45
181,渔业机械,45
182,土壤耕整机械,45
183,排灌机械,45
184,农业运输机械,45
185,农业机械,45
274,生活饮用水处理设备,46
275,锅炉软化水处理设备,46
276,含油废水处理设备,46
277,其它,46
278,污水处理设备,46
279,循环水处理设备,46
280,化工废水处理设备,46
281,高纯水制取设备,46
282,印染废水处理成套设备,46
283,造纸废水处理设备,46
186,柴油发电机组,52
187,风力发电机组,52
188,热力发电机组,52
190,汽油发电机组,52
191,水力发电机组,52
192,各种动力设备,52
193,燃气发电机组,52
194,太阳能发电机组,52
195,相关零部件,52
196,高压开关,53
197,高压接触器,53
199,高压熔断器,53
200,高压组合电器,53
201,高压断路器,53
202,避雷器,53
203,原棉、麻、毛、丝初加工设备,56
204,针织机械,56
205,纺织配件,56
206,纺纱设备(纺机),56
207,非织造布机械,56
208,其它,56
209,梭织设备,56
210,印染整机械与设备,56
211,闸阀,62
212,仪表阀,62
213,旋塞阀,62
214,止回阀,62
215,疏水阀,62
216,排污阀,62
217,其它,62
218,截止阀,62
219,柱塞阀,62
220,球阀,62
221,减压阀,62
222,调节阀,62
223,电磁阀,62
224,节流阀,62
225,隔膜阀,62
226,蝶阀,62
227,安全阀,62
228,底阀,62
229,特殊阀门,62
230,塑料模,63
231,铸造模,63
232,成型模,63
233,模具标准件,63
234,橡胶模,63
235,锻造模,63
236,粉末冶金模,63
237,模具设备,63
238,冲压模,63
239,拉丝模,63
240,快速经济模具,63
241,其它,63
242,锁具,71
243,拉手,71
244,水暖五金,71
245,其它,71
246,门窗五金,71
247,勘探设备,74
248,破碎粉磨设备,74
249,装卸设备,74
250,干燥设备,74
251,矿用泵阀,74
252,爆破器材,74
253,洗选设备,74
254,仓储设备,74
255,环保设备,74
256,其它,74
257,采掘设备,74
258,输送设备,74
259,安防设备,74
260,辅助设备,74
284,直流电动机,79
285,异步电动机,79
286,特殊电机,79
287,交流电动机,79
288,电动机保护器,79
289,其它,79
290,同步电动机,79
291,微型电动机,79
292,配电装置,80
293,补偿装置,80
294,低压开关柜,80
295,直流电源柜,80
296,高压开关设备,80
297,其它,80
298,挖掘机械,82
299,路面机械,82
300,园林和高空作业机械,82
301,工程、建筑起重机,82
302,混凝土搅拌及其输送机械,82
303,桩工机械,82
304,装载机械,82
305,市政和环境卫生机械,82
306,压实机械,82
307,装修机械,82
308,铲土运输机械,82
309,钢筋和预应力机械,82
310,工程机械配件,82
311,凿岩机械,82
312,其它,82
313,压花机,83
314,量革机,83
315,裁断机,83
316,片皮机,83
317,挤水机,83
318,其它,83
319,剖层机,83
320,刻楦机,83
321,车床,88
322,镗床,88
323,拉床,88
324,锻压机床,88
325,齿轮加工机床,88
326,数控机床,88
327,剪板、折弯,88
328,机床附件,88
329,铣床,88
330,磨床,88
331,刨床、插床,88
332,铸造机床,88
333,螺纹加工机床,88
334,组合机床,88
335,电火花、线切割,88
336,其它,88
337,钻床,88
338,锯床,88
339,卷板机床,88
340,木工机床,88
341,加工中心,88
342,专用机床,88
343,国外机床,88
344,离心水泵,89
345,污水泵、杂质泵,89
346,混流泵、轴流泵,89
347,往复泵、计量泵,89
348,耐腐蚀泵,89
349,井泵、潜水电泵,89
350,转子泵,89
351,磁力驱动泵、屏蔽泵,89
352,油泵、流程泵,89
353,漩涡泵,89
354,真空泵,89
355,其它,89
356,园艺工具,96
357,匠作工具,96
358,钳子,96
359,手工刨、刨刃,96
360,刷,96
361,农具,96
362,刀,96
363,锤子、斧子,96
364,旋具,96
365,组合工具,96
366,木工切削工具,96
367,扳手,96
368,钢锯架、手锯、锯片,96
369,剪,96
370,其它,96
371,炼铁设备,103
372,轧钢设备,103
373,通用设备,103
374,其它,103
375,炼钢设备,103
376,焦化设备,103
377,液压设备,103
378,连铸设备,103
379,加热设备,103
380,冶金专用工具,103
388,继电器,108
389,低压开关,108
390,起动器,108
391,低压控制器,108
392,低压熔断器,108
393,主令电器,108
394,低压断路器,108
395,低压接触器,108
396,其它,108
397,离型纸,109
398,滤纸,109
399,浸渍纸,109
401,碳素纸,109
402,试纸,109
403,砂纸,109
404,绝缘纸,109
405,电容器纸,109
406,防锈纸,109
407,其它,109
408,炊事、烘焙设备,111
409,调味品加工设备,111
410,果蔬加工设备,111
411,冷冻食品加工设备,111
412,豆、乳制品加工设备,111
413,酒及饮料生产设备,111
414,休闲食品加工设备,111
415,罐头食品加工设备,111
416,肉制品加工设备,111
417,其它,111
418,科研仪器仪表,117
419,分析仪器,117
420,量具,117
421,流量仪表,117
422,显示仪表,117
458,基地式仪表,117
459,执行器,117
456,机械量仪表,117
454,压力仪表,117
452,专用仪器仪表,117
450,试验机,117
448,仪器仪表用功能材料,117
446,光学计量标准器具,117
443,仪器仪表元器件及器材,117
444,电磁学计量标准器具,117
434,量仪,117
435,光学仪器,117
436,温度仪表,117
437,物位仪表,117
438,控制（调节）仪表,117
439,电动单元组合仪表,117
440,自动化成套控制系统,117
441,实验仪器装置,117
431,电离辐射计量标准器具,117
432,衡器,117
428,仪用电源,117
429,力学计量标准器具,117
424,气动单元组合仪表,117
425,集中控制装置,117
426,电工仪器仪表,117
483,时间频率计量标准器具,117
472,热学计量标准器具,117
463,电子测量仪器,117
461,仪器仪表用结构装置,117
489,其它,117
486,化学计量标准器具与标准物质,117
492,向心球轴承,118
502,推力滚子轴承,118
509,轴承附属件,118
510,推力球轴承,118
511,滑动轴承,118
512,向心滚子轴承,118
513,直线运动轴承,118
514,其它,118
515,金属切削类,125
516,建筑及道路类,125
517,装配作业类,125
518,林木类,125
519,磨光、砂光及抛光类,125
520,其它,125
521,焊条,126
522,电焊设备与器材,126
523,气焊、气割器材,126
524,其它,126
525,头饰,423
526,手饰,423
527,脚饰,423
528,吊饰,423
529,扣饰,423
530,穿刺饰,423
531,腰饰,423
532,太阳镜,423
533,其它,423
534,围巾、丝巾、披肩,423
535,促销礼品,427
536,电子礼品,427
537,其它,427
538,相框,430
539,画框,430
540,框饰配件,430
541,其它,430
542,日用蜡烛,433
543,工艺蜡烛,433
544,烛台,433
545,蜡烛器皿及配件,433
546,其它,433
547,琉璃工艺品,453
548,水晶玻璃工艺品,453
549,玻璃球、珠,453
550,玻璃器皿,453
551,玻璃摆饰,453
552,其它,453
553,普通塑料工艺品,455
554,压克力工艺品,455
555,塑胶工艺品,455
556,其它,455
557,泥塑工艺品,457
558,漆器工艺品,457
559,葫芦工艺品,457
560,扎染工艺品,457
561,风筝,457
562,灯笼,457
563,脸谱,457
564,工艺伞,457
565,皮影、木偶,457
566,布老虎,457
567,花鼓,457
568,其它,457
569,陶艺器具,465
570,钟表工具,465
571,雕刻工具,465
572,其它,465
573,钻石首饰,469
574,黄金首饰,469
575,铂金首饰,469
576,纯银首饰,469
577,玉石首饰,469
578,宝石首饰,469
579,珍珠首饰,469
580,水晶首饰,469
581,其它,469
582,婚庆用品,470
583,圣诞用品,470
584,复活节用品,470
585,鬼节用品,470
586,春节用品,470
587,烟花、鞭炮,470
588,气球,470
589,其它,470
590,机械表,471
591,定时器,471
592,电子表,471
593,石英表,471
594,挂表,471
595,怀表,471
596,军表,471
597,卡通表,471
598,闹钟,471
599,挂钟,471
600,座钟,471
601,工艺钟,471
602,钟表配件,471
603,其它,471
604,塑料匙扣,473
605,金属匙扣,473
606,水晶匙扣,473
607,皮质匙扣,473
608,多功能匙扣,473
609,挂链,473
610,绳带扣,473
611,其它,473
612,金银器,478
613,铁艺品,478
614,铜艺品,478
615,铝艺品,478
616,钢艺品,478
617,锡艺品,478
618,合金艺品,478
619,其它,478
620,水晶内雕（画）系列,479
621,水晶器皿,479
622,水晶摆饰,479
623,其它,479
624,针钩工艺品,480
625,编织工艺品,480
626,刺绣工艺品,480
627,抽纱工艺品,480
628,流苏工艺品,480
629,其它,480
630,园林石工艺品,481
631,大理石工艺品,481
632,花岗岩工艺品,481
633,砂岩工艺品,481
634,木鱼石工艺品,481
635,其它,481
636,办公挂摆饰,490
637,日用挂摆饰,490
638,手机饰品,490
639,汽车挂摆饰,490
640,其它,490
641,国画,491
642,油画,491
643,书法,491
644,水彩、水粉、版画,491
645,工艺画,491
646,其它,491
647,烟嘴,493
648,塑料打火机,493
649,金属打火机,493
650,打火机配件,493
651,烟灰缸（袋）,493
652,烟盒,493
653,烟斗,493
654,其它,493
655,木制工艺品,499
656,竹制工艺品,499
657,其它,499
658,景泰蓝工艺品,500
659,青瓷工艺品,500
660,彩瓷工艺品,500
661,紫砂工艺品,500
662,软陶工艺品,500
663,黑陶工艺品,500
664,红陶工艺品,500
665,彩陶工艺品,500
666,其它,500
667,竹木雕,501
668,石雕,501
669,玉雕,501
670,贝雕,501
671,骨雕,501
672,牙雕,501
673,根雕,501
674,铜雕,501
675,其它,501
676,竹编,503
677,柳编,503
678,草编,503
679,藤编,503
680,其它,503
723,针织衫,681
724,休闲服,681
725,羊毛、羊绒衫,681
726,棉衣、羽绒服,681
727,衬衫,681
728,无袖上衣,681
729,运动服,681
730,大衣、风衣,681
731,背心、吊带衫,681
732,夹克,681
733,牛仔服,681
734,毛衣,681
735,皮革、毛皮服,681
736,T恤,681
737,其它,681
738,睡衣、浴衣,682
739,文胸、肚兜,682
740,内裤,682
741,内衣套装,682
742,家居服,682
743,其它,682
744,T恤,683
745,衬衫,683
746,西服,683
747,夹克,683
748,背心,683
749,针织衫,683
750,马甲,683
751,毛衣,683
752,羊毛、羊绒衫,683
753,牛仔服,683
754,大衣、风衣,683
755,休闲服,683
756,运动服,683
757,棉衣、羽绒服,683
758,皮衣,683
759,其它,683
760,花边,687
761,肩垫,687
762,洗涤标、商标,687
763,带、绳、线,687
764,流苏、穗,687
765,拉链,687
766,纽扣,687
767,衬料,687
768,其它,687
769,长裙,695
770,旗袍,695
771,短裙,695
772,中裙,695
773,牛仔裙,695
774,连衣裙,695
775,其它,695
776,裙装,696
777,裤装,696
778,其它,696
779,短裤,697
780,休闲裤,697
781,西裤,697
782,牛仔裤,697
783,运动裤,697
784,其它,697
785,女靴,701
786,布鞋,701
787,运动鞋,701
788,凉鞋,701
789,拖鞋,701
790,休闲鞋,701
791,皮鞋,701
792,其它,701
793,短裤、热裤,709
794,长裤,709
795,休闲裤,709
796,运动裤,709
797,牛仔裤,709
798,皮裤,709
799,其它,709
800,内衣、内裤,711
801,睡衣、浴衣,711
802,家居服,711
803,其它,711
804,凉鞋,715
805,拖鞋,715
806,皮鞋,715
807,男靴,715
808,休闲鞋,715
809,运动鞋,715
810,布鞋,715
811,其它,715
857,书包,812
858,墨、砚,812
859,笔袋,812
860,墨水,812
861,书立,812
862,卷笔刀、削笔器,812
863,组合文具,812
864,文具盒,812
865,笔架、笔筒,812
866,其它,812
867,CD包（袋）,813
868,桌上文件柜（架）,813
869,文件夹、包,813
870,名片盒、册,813
871,档案袋,813
872,CD盒,813
873,报刊架,813
874,其它,813
875,文具胶带,814
876,固体胶、浆糊,814
877,胶水,814
878,胶带座,814
879,其它,814
880,印章用品,815
881,帐簿（册）,815
882,凭证、报表,815
883,算盘,815
884,提款箱,815
885,其它,815
886,标本模型,817
887,教鞭,817
888,地球仪,817
889,展示台,817
890,幻灯机,817
891,语音室成套设备,817
892,其它,817
893,讲桌、讲台,818
894,食堂餐桌椅,818
895,阅览室桌椅,818
896,课桌椅,818
897,学生床,818
898,储物柜,818
899,其它,818
900,大班桌,820
901,大班椅,820
902,会议桌,820
903,会客椅,820
904,办公台,820
905,办公沙发,820
906,屏风,820
907,电脑桌,820
908,文件柜,820
909,职员椅,820
910,其它,820
911,光电子、激光仪器,821
912,显微镜,821
913,望远镜,821
914,放大镜,821
915,经纬仪、水准仪,821
916,光谱仪、光度计,821
917,折射仪,821
918,其它,821
919,笔记本、记事本,827
920,活页本、线圈本,827
921,电话本、通讯录,827
922,练习本,827
923,万用手册,827
924,集邮簿,827
925,便笺、报事贴,827
926,信封,827
927,内页,827
928,其它,827
929,订书机,828
930,打孔机,828
931,夹子,828
932,订书针,828
933,回形针,828
934,图钉,828
935,大头针,828
936,其它,828
937,画框,829
938,宣纸,829
939,画笔、刷,829
940,美术颜料,829
941,调色用品,829
942,画夹、画板、画架,829
943,画纸、画布,829
944,石膏教具,829
945,其它,829
946,裁纸刀,830
947,办公剪刀,830
948,美工刀,830
949,其它,830
950,试管、滴管,832
951,坩埚,832
952,量筒、量杯,832
953,烧杯、烧瓶,832
954,酒精灯,832
955,蒸馏器,832
956,比色皿,832
957,容量瓶,832
958,其它,832
959,打印、复印纸,835
960,彩喷纸,835
961,传真纸,835
962,书写纸,835
963,复写纸,835
964,描图、绘图纸,835
965,收银纸,835
966,其它,835
967,摄影灯泡,836
968,摄影灯具,836
969,数码摄像机,836
970,数码相机,836
971,贴纸相机,836
972,镜头,836
973,三脚架,836
974,摄影棚,836
975,摄影背景,836
976,光学相机,836
977,光学摄像机,836
978,冲印彩扩设备,836
979,信息用化学品,836
980,其它,836
981,铅笔、活动铅笔,842
982,圆珠笔,842
983,钢笔,842
984,中性笔,842
985,荧光笔,842
986,记号笔、白板笔,842
987,毛笔,842
988,笔配件,842
989,其它,842
990,修正液,843
991,修正带,843
992,橡皮擦,843
993,其它,843
994,尺子,844
995,圆规,844
996,绘图模板,844
997,其它,844
998,黑板,846
999,绿板,846
1000,白板,846
1001,磁性板,846
1002,板擦,846
1003,粉笔,846
1004,其它,846
1005,保险柜,849
1006,装订机,849
1007,裁纸机,849
1008,号码机,849
1009,晒图机,849
1010,打字机、刻字机,849
1011,打印机,849
1012,传真机,849
1013,电话机、可视电话,849
1014,视讯会议系统,849
1015,绘图机,849
1016,考勤机,849
1017,碎纸机,849
1018,投影机,849
1019,复印机,849
1020,过塑机、塑封机,849
1021,验钞机,849
1022,商业收款机及POS机,849
1023,其它,849
1024,扫描仪,849
1025,墨盒（水）,850
1026,硒鼓,850
1027,色带、碳带,850
1028,碳粉,850
1029,其它,850
1030,太阳镜,851
1031,框架眼镜,851
1032,隐型眼镜,851
1033,眼镜片,851
1034,眼镜架,851
1035,眼镜盒,851
1036,眼镜布,851
1037,镜架配件,851
1038,其它,851
1067,塑料材料,1039
1068,金属材料,1039
1069,玻璃材料,1039
1070,复合材料,1039
1071,辅助材料,1039
1072,其它,1039
1073,玻璃杯,1040
1074,玻璃瓶,1040
1075,玻璃罐,1040
1076,安瓿,1040
1077,其它,1040
1078,纸类标签,1043
1079,塑料、塑胶标签,1043
1080,铭牌,1043
1081,其它,1043
1082,充填机械,1044
1083,灌装机械,1044
1084,封口机械,1044
1085,裹包机械,1044
1086,多功能包装机,1044
1087,贴标机械,1044
1088,打码、喷码机,1044
1089,清洗机械,1044
1090,杀菌机、干燥机,1044
1091,捆扎机械,1044
1092,集装机械,1044
1093,辅助包装设备,1044
1094,包装生产线,1044
1095,其它,1044
1096,塑料杯,1047
1097,塑料袋,1047
1098,塑料盒,1047
1099,塑料箱,1047
1100,塑料瓶,1047
1101,塑料桶（罐）,1047
1102,塑料盖,1047
1103,其它,1047
1104,金属罐,1048
1105,金属桶,1048
1106,金属盒,1048
1107,金属盖,1048
1108,其它,1048
1109,木托盘,1050
1110,纸托盘,1050
1111,塑料托盘,1050
1112,金属托盘,1050
1113,其它,1050
1114,纸包装机械,1051
1115,塑料包装机械,1051
1116,金属包装机械,1051
1117,其它,1051
1118,纸类印刷,1052
1119,塑料类印刷,1052
1120,金属类印刷,1052
1121,陶瓷类印刷,1052
1122,玻璃类印刷,1052
1123,竹木类印刷,1052
1124,纺织及皮革类印刷,1052
1125,复合类印刷,1052
1126,其它,1052
1127,纸杯,1054
1128,纸袋,1054
1129,纸盒,1054
1130,纸箱,1054
1131,纸桶（罐）,1054
1132,纸筒（管）,1054
1133,其它,1054
1134,竹、木盒,1055
1135,竹、木箱,1055
1136,竹、木桶,1055
1137,竹、木塞,1055
1138,其它,1055
1061,包装胶带,1057
1062,工业胶带,1057
1063,电工胶带,1057
1064,双面胶带,1057
1065,文具胶带,1057
1066,其它,1057
1165,钢锭、坯,1139
1166,板（带）材,1139
1167,型材,1139
1168,钢管,1139
1169,特殊钢,1139
1170,不锈钢及制品,1139
1171,其它,1139
1172,勘探设备,1143
1173,爆破器材,1143
1174,采掘设备,1143
1175,破碎粉磨设备,1143
1176,洗选设备,1143
1177,输送设备,1143
1178,装卸设备,1143
1179,仓储设备,1143
1180,安防设备,1143
1181,干燥设备,1143
1182,环保设备,1143
1183,辅助设备,1143
1184,矿用泵阀,1143
1185,其它,1143
1186,铜及铜锭,1144
1187,铝及铝锭,1144
1188,镁及镁锭,1144
1189,锌及锌锭,1144
1190,其它,1144
1191,炼铁设备,1149
1192,炼钢设备,1149
1193,连铸设备,1149
1194,轧钢设备,1149
1195,焦化设备,1149
1196,加热设备,1149
1197,通用设备,1149
1198,液压设备,1149
1199,冶金专用工具,1149
1200,其它,1149
1201,铜制品,1157
1202,铝制品,1157
1203,其它,1157
1255,品牌汽车音响,1205
1256,功放、均衡器,1205
1257,组合音响,1205
1258,音箱,1205
1259,其它,1205
1260,台式风扇,1207
1261,落地式风扇,1207
1262,吊扇,1207
1263,壁扇,1207
1264,其它,1207
1265,电磁炉,1216
1266,电热炉,1216
1267,其它,1216
1268,车载VCD、DVD,1221
1269,车载CD,1221
1270,CD,1221
1271,VCD、SVCD,1221
1272,DVD,1221
1273,EVD,1221
1274,其它,1221
1275,解码器,1222
1276,卡带机,1222
1277,耳机,1222
1278,麦克风、话筒,1222
1279,卡拉OK机,1222
1280,电源、线材,1222
1281,插件,1222
1282,扩音机,1222
1283,MTV合成,1222
1284,其它,1222
1285,燃气热水器,1229
1286,电热水器,1229
1287,太阳能热水器,1229
1288,其它,1229
1289,车载冰箱,1232
1290,冰箱,1232
1291,冷柜,1232
1292,展示柜,1232
1293,其它,1232
1294,电视接收器,1238
1295,黑白电视,1238
1296,射线管彩电,1238
1297,液晶彩电,1238
1298,等离子彩电,1238
1299,背投彩电,1238
1300,其它,1238
1301,汽车空调,1240
1302,壁挂机,1240
1303,窗式机,1240
1304,柜机,1240
1305,中央空调,1240
1306,其它,1240
1307,滚筒洗衣机,1246
1308,波轮洗衣机,1246
1309,脱水机,1246
1310,干衣机,1246
1311,其它,1246
1330,印刷设备,1318
1331,排版设备,1318
1332,制版设备,1318
1333,印后加工设备,1318
1334,笔记本、记事本,1324
1335,活页本、线圈本,1324
1336,电话本、通讯录,1324
1337,练习本,1324
1338,万用手册,1324
1339,集邮簿,1324
1340,便笺、报事贴,1324
1341,信封,1324
1342,内页,1324
1343,其它,1324
1344,纸类印刷,1325
1345,塑料类印刷,1325
1346,金属类印刷,1325
1347,陶瓷类印刷,1325
1348,玻璃类印刷,1325
1349,竹木类印刷,1325
1350,纺织及皮革类印刷,1325
1351,复合类印刷,1325
1352,其它,1325
1377,生活饮用水处理设备,1353
1378,污水处理设备,1353
1379,高纯水制取设备,1353
1380,锅炉软化水处理设备,1353
1381,循环水处理设备,1353
1382,印染废水处理成套设备,1353
1383,含油废水处理设备,1353
1384,化工废水处理设备,1353
1385,造纸废水处理设备,1353
1386,其它,1353
1426,二极管,1387
1427,可控硅,1387
1428,电容器,1387
1429,电感、线圈,1387
1430,整流器,1387
1431,变频器、分频器,1387
1432,液晶器件,1387
1433,其他显示器件,1387
1434,晶体陶瓷滤波器,1387
1435,三极管,1387
1436,印刷线路板,1387
1437,电阻器,1387
1438,变压器,1387
1439,逆变器,1387
1440,磁性元器件,1387
1441,荧光器件,1387
1442,传感器,1387
1443,晶体谐振器,1387
1444,场效应管,1387
1445,集成电路,1387
1446,电位器,1387
1447,稳压器,1387
1448,继电器,1387
1449,放大器,1387
1450,激光器件,1387
1451,连接器,1387
1452,其它,1387
1453,继电器,1388
1454,低压控制器,1388
1455,低压断路器,1388
1456,低压开关,1388
1457,低压熔断器,1388
1458,低压接触器,1388
1459,起动器,1388
1460,主令电器,1388
1461,其它,1388
1462,柴油发电机组,1390
1463,汽油发电机组,1390
1464,燃气发电机组,1390
1465,风力发电机组,1390
1466,水力发电机组,1390
1467,太阳能发电机组,1390
1468,热力发电机组,1390
1469,各种动力设备,1390
1470,相关零部件,1390
1471,其它,1390
1472,焊条,1391
1473,电焊设备与器材,1391
1474,气焊、气割器材,1391
1475,其它,1391
1476,居室灯具,1394
1477,车、船、航空灯具,1394
1478,舞台灯具,1394
1479,城市景光灯具,1394
1480,水面水下灯具,1394
1481,应急、指示灯具,1394
1482,道路灯具,1394
1483,医疗灯具,1394
1484,运动场馆灯具,1394
1485,码头、桥梁、隧道灯具,1394
1486,防爆灯具,1394
1487,节日、装饰彩灯,1394
1488,工矿灯具,1394
1489,摄影灯具,1394
1490,庭园绿化灯具,1394
1491,广告用灯具,1394
1492,军用灯具,1394
1493,其它,1394
1494,科研仪器仪表,1396
1495,分析仪器,1396
1496,量具,1396
1497,流量仪表,1396
1498,显示仪表,1396
1499,气动单元组合仪表,1396
1500,集中控制装置,1396
1501,电工仪器仪表,1396
1502,仪用电源,1396
1503,力学计量标准器具,1396
1504,电离辐射计量标准器具,1396
1505,衡器,1396
1506,量仪,1396
1507,光学仪器,1396
1508,温度仪表,1396
1509,物位仪表,1396
1510,控制（调节）仪表,1396
1511,电动单元组合仪表,1396
1512,自动化成套控制系统,1396
1513,实验仪器装置,1396
1514,仪器仪表元器件及器材,1396
1515,电磁学计量标准器具,1396
1516,光学计量标准器具,1396
1517,仪器仪表用功能材料,1396
1518,试验机,1396
1519,专用仪器仪表,1396
1520,压力仪表,1396
1521,机械量仪表,1396
1522,基地式仪表,1396
1523,执行器,1396
1524,仪器仪表用结构装置,1396
1525,电子测量仪器,1396
1526,热学计量标准器具,1396
1527,时间频率计量标准器具,1396
1528,化学计量标准器具与标准物质,1396
1529,其它,1396
1530,电工陶瓷材料,1400
1531,磁性材料,1400
1532,绝缘材料,1400
1533,半导体材料,1400
1534,覆铜板材料,1400
1535,压电晶体材料,1400
1536,其它,1400
1537,高压开关,1401
1538,高压熔断器,1401
1539,高压断路器,1401
1540,高压接触器,1401
1541,高压组合电器,1401
1542,避雷器,1401
1543,其它,1401
1544,配电装置,1402
1545,低压开关柜,1402
1546,高压开关设备,1402
1547,补偿装置,1402
1548,直流电源柜,1402
1549,其它,1402
1550,直流电动机,1403
1551,交流电动机,1403
1552,同步电动机,1403
1553,异步电动机,1403
1554,电动机保护器,1403
1555,微型电动机,1403
1556,特殊电机,1403
1557,其它,1403
1558,裸电线及裸导体制品,1404
1559,电磁线、绝缘导线,1404
1560,电气设备用电线电缆,1404
1561,电力电缆,1404
1562,通讯电缆及光纤,1404
1563,其它,1404
1564,卤素灯,1407
1565,节能灯,1407
1566,白炽灯泡,1407
1567,荧光灯,1407
1568,装饰灯泡,1407
1569,信号灯,1407
1570,摄影灯泡,1407
1571,霓虹灯管,1407
1572,直型光管,1407
1573,环型光管,1407
1574,卤钨灯,1407
1575,射灯、杯灯,1407
1576,钠灯,1407
1577,汞灯,1407
1578,金卤灯,1407
1579,氖灯,1407
1580,杀菌灯,1407
1581,紫外、红外线灯,1407
1582,太阳能灯,1407
1583,灭蚊灯,1407
1584,单端灯,1407
1585,数码光源,1407
1586,光纤照明,1407
1587,其它,1407
1588,干电池,1408
1589,蓄电池,1408
1590,光电池,1408
1591,锂电池,1408
1592,镍氢电池,1408
1593,镍镉电池,1408
1594,燃料电池,1408
1595,太阳能电池,1408
1596,充电电池,1408
1597,手机电池,1408
1598,纽扣电池,1408
1599,电池组配件,1408
1600,其它,1408
1601,传声器,1413
1602,受话器,1413
1603,扬声器,1413
1604,蜂鸣器,1413
1605,录音磁头,1413
1606,其它,1413
1607,刀开关,1414
1608,负荷开关,1414
1609,转换开关,1414
1610,隔离开关,1414
1611,接近开关,1414
1612,组合开关,1414
1613,行程开关,1414
1614,按钮开关,1414
1615,压力开关,1414
1616,光电开关,1414
1617,微动开关,1414
1618,墙壁开关,1414
1619,倒顺开关,1414
1620,限位开关,1414
1621,脚踏开关,1414
1622,其它,1414
1623,金属切削类,1416
1624,装配作业类,1416
1625,磨光、砂光及抛光类,1416
1626,建筑及道路类,1416
1627,林木类,1416
1628,其它,1416
1629,灯头、灯座,1420
1630,灯盘,1420
1631,灯杆,1420
1632,灯罩、灯箱,1420
1633,灯丝,1420
1634,启辉器、起动器,1420
1635,稳压、变压器,1420
1636,整流、镇流器,1420
1637,端子,1420
1638,五金件,1420
1639,塑胶配件,1420
1640,其它,1420
1641,电池充电器,1421
1642,手机充电器,1421
1643,电动车充电器,1421
1644,应急充电器,1421
1645,其它,1421
1689,钱包、钥匙包,1646
1690,工具包、工具箱,1646
1691,CD包（袋）,1646
1692,手机袋,1646
1693,腰包,1646
1694,背包,1646
1695,其它,1646
1696,书包,1646
1697,电脑包（袋）,1646
1698,笔袋,1646
1699,化妆包,1646
1700,女包系列,1646
1701,拉杆箱、行李箱,1646
1702,旅行包,1646
1703,高尔夫球袋,1646
1704,礼品袋,1646
1705,休闲包,1646
1706,男包系列,1646
1707,箱包配件,1646
1708,汤锅,1647
1709,电饭煲、电饭锅,1647
1710,压力锅,1647
1711,多士炉、烤面包机,1647
1712,烤箱,1647
1713,炒锅,1647
1714,蒸锅,1647
1715,火锅,1647
1716,蒸笼,1647
1717,炊具配件,1647
1718,其它,1647
1719,洗衣粉、液,1648
1720,肥皂,1648
1721,香水,1648
1722,化妆品原料,1648
1723,彩妆用品,1648
1724,护肤用品,1648
1725,口腔卫生,1648
1726,毛发用品,1648
1727,沐浴用品,1648
1728,清洗剂,1648
1729,香味剂、除臭剂,1648
1730,驱虫灭害,1648
1731,其它,1648
1732,卫生纸,1649
1733,卫生巾,1649
1734,纸巾,1649
1735,湿巾,1649
1736,其它,1649
1737,冰袋,1650
1738,热水瓶,1650
1739,保温杯、壶,1650
1740,保温瓶、桶,1650
1741,热水袋,1650
1742,其它,1650
1743,大班桌,1651
1744,大班椅,1651
1745,会议桌,1651
1746,会客椅,1651
1747,办公台,1651
1748,办公沙发,1651
1749,屏风,1651
1750,电脑桌,1651
1751,文件柜,1651
1752,职员椅,1651
1753,其它,1651
1754,床垫,1652
1755,床,1652
1756,床头柜,1652
1757,衣柜,1652
1758,梳妆台,1652
1759,成套家具,1652
1760,其它,1652
1761,折叠桌,1653
1762,折叠椅,1653
1763,长椅,1653
1764,沙滩椅,1653
1765,充气床,1653
1766,其它,1653
1767,台灯,1655
1768,吊灯,1655
1769,壁灯,1655
1770,落地灯,1655
1771,吸顶灯,1655
1772,筒灯,1655
1773,其它,1655
1774,餐具附件,1661
1775,茶具,1661
1776,酒具,1661
1777,咖啡具,1661
1778,勺、瓢,1661
1779,碗,1661
1780,杯、碟,1661
1781,筷子,1661
1782,盘子,1661
1783,饭盒,1661
1784,刀、叉,1661
1785,一次性餐具,1661
1786,其它,1661
1787,电灶具,1662
1788,平台式燃气灶具,1662
1789,内嵌式燃气灶具,1662
1790,灶具配件,1662
1791,其它,1662
1792,口腔用具,1663
1793,乳房护理,1663
1794,头发护理,1663
1795,剃须、除毛,1663
1796,指甲修护,1663
1797,美容材料及用具,1663
1798,美容仪器,1663
1799,卫浴用具,1663
1800,按摩用品,1663
1801,其它,1663
1802,机械表,1664
1803,定时器,1664
1804,电子表,1664
1805,石英表,1664
1806,挂表,1664
1807,怀表,1664
1808,军表,1664
1809,卡通表,1664
1810,闹钟,1664
1811,挂钟,1664
1812,座钟,1664
1813,工艺钟,1664
1814,钟表配件,1664
1815,其它,1664
1816,雨伞,1665
1817,雨衣、裤,1665
1818,雨鞋,1665
1819,太阳伞,1665
1820,伞附属品,1665
1821,其它,1665
1822,沙发,1666
1823,地柜,1666
1824,视听柜,1666
1825,客厅茶几,1666
1826,其它,1666
1827,童床,1667
1828,童桌、童椅,1667
1829,其它,1667
1830,酒店成套家具,1668
1831,酒店沙发,1668
1832,椅,1668
1833,桌,1668
1834,茶几,1668
1835,行李柜,1668
1836,梳妆台,1668
1837,电视柜,1668
1838,床头柜,1668
1839,床,1668
1840,其它,1668
1841,被套,1670
1842,床罩,1670
1843,枕套,1670
1844,靠垫,1670
1845,蚊帐,1670
1846,席子,1670
1847,枕巾,1670
1848,被褥,1670
1849,床单,1670
1850,枕芯,1670
1851,组合产品,1670
1852,床垫,1670
1853,其它,1670
1854,煮蛋器,1675
1855,电热壶、电热杯,1675
1856,咖啡机,1675
1857,豆浆机,1675
1858,打蛋器,1675
1859,水果刀,1675
1860,厨用刀、剪,1675
1861,刨子,1675
1862,铲子,1675
1863,勺子,1675
1864,砧板,1675
1865,开瓶器,1675
1866,净水器,1675
1867,搅拌机,1675
1868,榨汁机,1675
1869,其它,1675
1870,围裙,1676
1871,袖套,1676
1872,揩布,1676
1873,台布,1676
1874,茶巾,1676
1875,其它,1676
1876,鞋套机、擦鞋机,1677
1877,扫帚、畚箕,1677
1878,拖把,1677
1879,垃圾桶、垃圾袋,1677
1880,百洁布,1677
1881,衣帽刷,1677
1882,鞋刷,1677
1883,洗衣刷,1677
1884,锅刷,1677
1885,瓶刷,1677
1886,厕所刷,1677
1887,浴缸刷,1677
1888,清洁球,1677
1889,其它,1677
1890,烟嘴,1678
1891,塑料打火机,1678
1892,金属打火机,1678
1893,打火机配件,1678
1894,烟灰缸（袋）,1678
1895,烟盒,1678
1896,烟斗,1678
1897,其它,1678
1898,奶瓶,1679
1899,奶嘴,1679
1900,尿片、尿垫,1679
1901,围兜,1679
1902,背带、抱带,1679
1903,婴儿睡袋,1679
1904,婴儿床,1679
1905,其它,1679
1906,餐桌,1680
1907,餐椅,1680
1908,酒柜,1680
1909,吧台,1680
1910,橱柜,1680
1911,其它,1680
1912,鞋柜、鞋架,1681
1913,衣帽架,1681
1914,其它,1681
1915,讲桌、讲台,1682
1916,食堂餐桌椅,1682
1917,阅览室桌椅,1682
1918,课桌椅,1682
1919,学生床,1682
1920,储物柜,1682
1921,其它,1682
1958,棉类,1922
1959,麻类,1922
1960,蚕茧、蚕丝,1922
1961,羽毛、羽绒,1922
1962,毛纺原料,1922
1963,其它,1922
1964,缎类,1924
1965,乔其类,1924
1966,斜纹类,1924
1967,提花类,1924
1968,绉类,1924
1969,纱类,1924
1970,纺类,1924
1971,其它,1924
1972,沙发布,1928
1973,门帘,1928
1974,装饰布,1928
1975,坐具套、坐垫,1928
1976,窗帘,1928
1977,其它,1928
1978,面巾,1929
1979,浴巾,1929
1980,沙滩巾,1929
1981,手巾,1929
1982,地巾,1929
1983,茶巾,1929
1984,枕巾,1929
1985,其它,1929
1986,牛皮,1930
1987,羊皮,1930
1988,猪皮,1930
1989,兔皮,1930
1990,狐狸皮,1930
1991,其它,1930
1992,钱包、钥匙包,1931
1993,工具包、工具箱,1931
1994,CD包（袋）,1931
1995,手机袋,1931
1996,腰包,1931
1997,背包,1931
1998,其它,1931
1999,书包,1931
2000,电脑包（袋）,1931
2001,笔袋,1931
2002,化妆包,1931
2003,女包系列,1931
2004,拉杆箱、行李箱,1931
2005,旅行包,1931
2006,高尔夫球袋,1931
2007,礼品袋,1931
2008,休闲包,1931
2009,男包系列,1931
2010,箱包配件,1931
2011,切片,1934
2012,涤纶,1934
2013,锦纶,1934
2014,腈纶,1934
2015,氨纶,1934
2016,丙纶,1934
2017,维纶,1934
2018,功能纤维,1934
2019,人造纤维,1934
2020,其它,1934
2021,大麻系列面料,1935
2022,亚麻系列面料,1935
2023,苎麻系列面料,1935
2024,黄麻系列面料,1935
2025,剑麻系列面料,1935
2026,其它,1935
2027,棉麻混纺,1936
2028,棉毛混纺,1936
2029,化纤类混纺,1936
2030,交织类,1936
2031,其它,1936
2032,棉坯布,1937
2033,混纺坯布,1937
2034,化纤坯布,1937
2035,其它,1937
2036,原棉、麻、毛、丝初加工设备,1939
2037,纺纱设备(纺机),1939
2038,梭织设备,1939
2039,针织机械,1939
2040,非织造布机械,1939
2041,印染整机械与设备,1939
2042,纺织配件,1939
2043,其它,1939
2044,围裙,1940
2045,袖套,1940
2046,揩布,1940
2047,台布,1940
2048,茶巾,1940
2049,其它,1940
2050,针钩工艺品,1941
2051,编织工艺品,1941
2052,刺绣工艺品,1941
2053,抽纱工艺品,1941
2054,流苏工艺品,1941
2055,其它,1941
2056,压花机,1943
2057,片皮机,1943
2058,剖层机,1943
2059,量革机,1943
2060,挤水机,1943
2061,刻楦机,1943
2062,裁断机,1943
2063,其它,1943
2064,棉纱、棉线,1946
2065,麻纺系列纱线,1946
2066,毛纺系列纱线,1946
2067,真丝系列纱线,1946
2068,化纤系列纱线,1946
2069,混纺系列纱线,1946
2070,花色纱线,1946
2071,其它,1946
2072,全毛,1947
2073,毛毡,1947
2074,呢类系列,1947
2075,其它,1947
2076,经编,1948
2077,绒布,1948
2078,网眼布,1948
2079,其他纬编,1948
2080,水刺无纺布,1949
2081,针刺无纺布,1949
2082,土工布,1949
2083,其它,1949
2084,染料,1950
2085,纺织、印染助剂,1950
2086,带、绳、线,1950
2087,流苏、穗,1950
2088,其它,1950
2089,被套,1951
2090,床罩,1951
2091,枕套,1951
2092,靠垫,1951
2093,蚊帐,1951
2094,席子,1951
2095,枕巾,1951
2096,被褥,1951
2097,床单,1951
2098,枕芯,1951
2099,组合产品,1951
2100,床垫,1951
2101,其它,1951
2102,毛毯,1952
2103,地毯,1952
2104,其它,1952
2105,棉毯,1952
2106,挂毯,1952
2107,真皮,1953
2108,仿真皮革,1953
2109,其它,1953
2146,广告服务,2110
2147,广告材料,2110
2148,广告礼品,2110
2149,其它,2110
2150,不动产项目合作,2111
2151,厂房,2111
2152,房产中介、代理,2111
2153,公寓、花园、别墅,2111
2154,农场、牧场,2111
2155,山林,2111
2156,商铺、营业房,2111
2157,土地,2111
2158,写字楼,2111
2159,物业管理,2111
2160,其它,2111
2161,代理报关,2116
2162,快递,2116
2163,国内货运,2116
2164,国际货运,2116
2165,仓储与配送,2116
2166,第三方物流,2116
2167,物流设备,2116
2168,特种运输,2116
2169,其它,2116
2170,专利转让,2117
2171,技术转让,2117
2172,商标转让,2117
2173,版权转让,2117
2174,其它,2117
2175,电脑维修、安装,2118
2176,家电维修、安装,2118
2177,工业维修、安装,2118
2178,其它,2118
2179,会议、会务,2122
2180,展览装修,2122
2181,展位、摊位,2122
2182,展览会招展,2122
2183,展览器材,2122
2184,其它,2122
2185,装潢设计,2128
2186,形象策划,2128
2187,创意设计,2128
2188,建筑图纸、模型设计,2128
2189,其它,2128
2190,建筑图纸、模型设计,2140
2191,装潢设计,2140
2192,工程监理,2140
2193,工程规划,2140
2194,工程施工,2140
2195,绿化工程,2140
2196,其它,2140
2242,苹果,2197
2243,梨,2197
2244,桃,2197
2245,草莓,2197
2246,葡萄,2197
2247,柑桔、橙、柚,2197
2248,坚果、干果,2197
2249,荔枝,2197
2250,香蕉,2197
2251,菠萝,2197
2252,枣,2197
2253,桂圆（龙眼）,2197
2254,瓜类,2197
2255,其它,2197
2256,蘑菇,2199
2257,木耳、银耳,2199
2258,其它,2199
2259,植物性饲料,2200
2260,动物性饲料,2200
2261,其它,2200
2262,动物种苗,2205
2263,花木、果木种苗,2205
2264,农作物种苗,2205
2265,食用菌菌种,2205
2266,其它,2205
2267,青茶,2206
2268,黑茶,2206
2269,白茶,2206
2270,黄茶,2206
2271,绿茶,2206
2272,红茶,2206
2273,花茶,2206
2274,其它,2206
3812,油菜籽,2207
2275,牛皮,2208
2276,羊皮,2208
2277,猪皮,2208
2278,兔皮,2208
2279,狐狸皮,2208
2280,其它,2208
2281,食用油加工机械,2212
2282,屠宰及肉类初加工设备,2212
2283,肥料加工机械,2212
2284,饲料加工机械,2212
2285,粮食加工机械,2212
2286,渔业机械,2212
2287,畜牧、养殖设备及用具,2212
2288,林业机械,2212
2289,土壤耕整机械,2212
2290,种植机械,2212
2291,微灌机械,2212
2292,排灌机械,2212
2293,收获机械,2212
2294,场上作业机械,2212
2295,农业运输机械,2212
2296,柴油机,2212
2297,农业实验设备,2212
2298,其它,2212
2299,鱼类,2213
2300,虾类,2213
2301,蟹类,2213
2302,鳖类,2213
2303,贝类,2213
2304,藻类,2213
2305,其它,2213
2306,稻谷,2220
2307,麦类,2220
2308,玉米,2220
2309,高粱、粟、黍,2220
2310,豆类,2220
2311,薯类,2220
2312,其它,2220
2313,氮肥,2221
2314,磷肥,2221
2315,钾肥,2221
2316,复合肥料,2221
2317,生物肥料,2221
2318,植物生长调节剂,2221
2319,其它,2221
3813,牛,2222
3814,羊,2222
3810,苗猪,2222
2320,除草剂,2229
2321,杀菌剂,2229
2322,杀虫、杀螨、杀鼠剂,2229
2323,其它,2229
2324,姜,2235
2325,蒜,2235
2326,葱,2235
2327,辣椒,2235
2328,其它,2235
2329,叶菜类,2236
2330,豆荚类,2236
2331,瓜果类,2236
2332,块茎类,2236
2333,根菜类,2236
2334,水生菜类,2236
2335,野生菜类,2236
2336,其它,2236
2337,营养性添加剂,2237
2338,非营养性添加剂,2237
2339,其它,2237
2377,发动机总成,2342
2378,活塞、活塞环、活塞销,2342
2379,连杆总成,2342
2380,进排气门、气门导管、气门阀座,2342
2381,密封垫组件、油封,2342
2382,皮带,2342
2383,化油器,2342
2384,其它,2342
2385,滤清器,2342
2386,油泵、油嘴,2342
2387,曲轴、凸轮轴,2342
2388,水泵、风扇、散热器,2342
2389,飞轮、齿圈,2342
2390,消声器,2342
2391,三元催化器,2342
2392,气缸体、气缸盖、气缸套,2342
2393,油箱、水箱,2342
2394,曲轴瓦、凸轮轴瓦、连杆瓦,2342
2395,气门挺柱、推杆、弹簧,2342
2396,涨紧轮,2342
2397,增压器,2342
2398,燃油喷射装置,2342
2399,转向机总成,2343
2400,转向盘,2343
2401,助力器、助力泵,2343
2402,转向节,2343
2403,转向拉杆,2343
2404,其它,2343
2405,汽车挂摆饰,2348
2406,靠垫、抱枕、脚垫,2348
2407,座垫、座套,2348
2408,方向盘套,2348
2409,汽车香水,2348
2410,遮阳用品,2348
2411,置物盒、杂物袋,2348
2412,其它,2348
2413,举升机,2350
2414,扒胎机,2350
2415,烤漆房,2350
2416,烤漆机,2350
2417,拆胎机,2350
2418,补胎机,2350
2419,焊接设备,2350
2420,其它,2350
2421,客车,2353
2422,货车,2353
2423,半挂牵引车,2353
2424,其它,2353
2425,离合器,2354
2426,减速器总成,2354
2427,分动器,2354
2428,变速器,2354
2429,球笼万向节,2354
2430,取力器,2354
2431,同步器,2354
2432,差速器总成,2354
2433,变速器齿轮及轴,2354
2434,传动轴,2354
2435,其它,2354
2436,汽车玻璃,2357
2437,镜类,2357
2438,车牌架,2357
2439,座椅及附件,2357
2440,雨刮器,2357
2441,车灯,2357
2442,其它,2357
2443,交通安全标志,2358
2444,交通警示灯,2358
2445,交通安全服装,2358
2446,交通指挥设备,2358
2447,道路减速设备,2358
2448,隔离栅、栏、网,2358
2449,防撞设施,2358
2450,路障,2358
2451,安全凸面镜,2358
2452,其它,2358
2453,卡带机,2359
2454,车载CD,2359
2455,车载VCD、DVD,2359
2456,解码器,2359
2457,功放、均衡器,2359
2458,车载显示器,2359
2459,电视接收器,2359
2460,汽车喇叭,2359
2461,品牌汽车音响,2359
2462,其它,2359
2463,车衣、备胎罩,2360
2464,贴膜,2360
2465,彩贴,2360
2466,晴雨挡,2360
2467,汽车天线,2360
2468,其它,2360
2469,GPS定位导航,2361
2470,车载免提,2361
2471,车载对讲机,2361
2472,其它,2361
2473,修补漆、汽车漆,2362
2474,车蜡、光亮剂,2362
2475,防冻液,2362
2476,润滑油,2362
2477,密封胶,2362
2478,冷媒,2362
2479,清洗剂,2362
2480,冷却液,2362
2481,玻璃防雾剂,2362
2482,制动液,2362
2483,釉,2362
2484,其它,2362
2485,刹车蹄、片,2366
2486,刹车盘、鼓,2366
2487,空气压缩机,2366
2488,制动器总成,2366
2489,液压制动泵,2366
2490,其它,2366
2491,轻便摩托车（50CC及以下）,2369
2492,两轮摩托车（50CC及以上）,2369
2493,边三轮摩托车,2369
2494,正三轮摩托车,2369
2495,其它,2369
2496,防盗器,2371
2497,倒车雷达,2371
2498,行驶记录仪,2371
2499,后视系统,2371
2500,灭火装置,2371
2501,安全带、安全气囊,2371
2502,警示牌,2371
2503,防撞用品,2371
2504,其它,2371
2505,汽车空调,2372
2506,汽车氧吧,2372
2507,车载冰箱,2372
2508,吸尘器,2372
2509,其它,2372
2510,检测仪,2373
2511,检测台,2373
2512,试验台,2373
2513,定位仪,2373
2514,诊断仪,2373
2515,分析仪,2373
2516,其它,2373
2517,充气泵,2374
2518,千斤顶,2374
2519,洗车工具,2374
2520,打蜡机,2374
2521,工具套件,2374
2522,胎压计,2374
2523,拖车绳,2374
2524,其它,2374
2556,磁卡,2529
2557,IC卡,2529
2558,射频卡,2529
2559,条码卡,2529
2560,其它,2529
2561,电池充电器,2537
2562,手机充电器,2537
2563,电动车充电器,2537
2564,应急充电器,2537
2565,其它,2537
2581,干电池,2566
2582,锂电池,2566
2583,燃料电池,2566
2584,手机电池,2566
2585,其它,2566
2586,蓄电池,2566
2587,镍氢电池,2566
2588,太阳能电池,2566
2589,纽扣电池,2566
2590,光电池,2566
2591,镍镉电池,2566
2592,充电电池,2566
2593,电池组配件,2566
2594,勘探设备,2567
2595,爆破器材,2567
2596,采掘设备,2567
2597,破碎粉磨设备,2567
2598,洗选设备,2567
2599,输送设备,2567
2600,装卸设备,2567
2601,仓储设备,2567
2602,安防设备,2567
2603,干燥设备,2567
2604,环保设备,2567
2605,辅助设备,2567
2606,矿用泵阀,2567
2607,其它,2567
2608,柴油发电机组,2571
2609,汽油发电机组,2571
2610,燃气发电机组,2571
2611,风力发电机组,2571
2612,水力发电机组,2571
2613,太阳能发电机组,2571
2614,热力发电机组,2571
2615,各种动力设备,2571
2616,相关零部件,2571
2617,其它,2571
2618,钻采设备,2573
2619,炼化设备,2573
2620,其它,2573
2621,原油,2576
2622,燃料油,2576
2623,润滑油（脂）,2576
2624,溶剂油,2576
2625,石油焦,2576
2626,石蜡,2576
2627,沥青,2576
2628,气体类石油产品,2576
2629,其它,2576
2647,代理报关,2630
2648,快递,2630
2649,国内货运,2630
2650,国际货运,2630
2651,仓储与配送,2630
2652,第三方物流,2630
2653,物流设备,2630
2654,特种运输,2630
2655,其它,2630
2656,交通安全标志,2636
2657,交通警示灯,2636
2658,交通安全服装,2636
2659,交通指挥设备,2636
2660,道路减速设备,2636
2661,隔离栅、栏、网,2636
2662,防撞设施,2636
2663,路障,2636
2664,安全凸面镜,2636
2665,其它,2636
2708,单质,2666
2709,工业气体,2666
2710,无机碱,2666
2712,无机酸,2666
2713,无机盐,2666
2714,氧化物,2666
2715,非金属矿产,2666
2716,洗衣粉、液,2667
2717,肥皂,2667
2718,香水,2667
2719,化妆品原料,2667
2720,彩妆用品,2667
2721,护肤用品,2667
2722,口腔卫生,2667
2723,毛发用品,2667
2724,沐浴用品,2667
2725,清洗剂,2667
2726,香味剂、除臭剂,2667
2727,驱虫灭害,2667
2728,其它,2667
2729,酸度调节剂,2668
2730,抗氧化剂,2668
2731,漂白剂,2668
2732,着色剂,2668
2733,护色剂,2668
2734,酶制剂,2668
2735,增味剂,2668
2736,防腐剂,2668
2737,甜味剂,2668
2738,增稠剂,2668
2739,其它,2668
2740,无机颜料,2669
2741,有机颜料,2669
2742,其它,2669
2743,除草剂,2670
2744,杀菌剂,2670
2745,杀虫、杀螨、杀鼠剂,2670
2746,其它,2670
2747,钻采设备,2672
2748,炼化设备,2672
2749,其它,2672
2750,注塑机,2673
2751,吹膜机,2673
2752,压延机,2673
2753,中空吹塑机,2673
2754,喷涂设备,2673
2755,造粒机,2673
2756,封切机,2673
2757,注塑辅助设备,2673
2758,其它,2673
2759,天然树脂,2674
2760,环氧树脂,2674
2761,酚醛树脂,2674
2762,丙烯酸树脂,2674
2763,不饱和聚酯树脂,2674
2764,离子交换树脂,2674
2765,氨基树脂,2674
2766,有机硅树脂,2674
2767,其它,2674
2768,原油,2675
2769,燃料油,2675
2770,润滑油（脂）,2675
2771,溶剂油,2675
2772,石油焦,2675
2773,石蜡,2675
2774,沥青,2675
2775,气体类石油产品,2675
2776,其它,2675
2777,氮肥,2676
2778,磷肥,2676
2779,钾肥,2676
2780,复合肥料,2676
2781,生物肥料,2676
2782,植物生长调节剂,2676
2783,其它,2676
2784,烷烃及衍生物,2680
2785,烯烃及衍生物,2680
2786,炔烃及衍生物,2680
2787,醇类,2680
2788,酚类,2680
2789,醛类,2680
2790,酮类,2680
2791,酯类,2680
2792,醚类,2680
2793,砜,2680
2794,胺类,2680
2795,碳水化合物,2680
2796,腈类,2680
2797,羧酸及衍生物,2680
2798,醌类,2680
2799,芳香烃及衍生物,2680
2800,酸酐,2680
2801,有机中间体,2680
2802,杂环类,2680
2803,其它,2680
2804,建筑用涂料,2681
2805,汽车用涂料,2681
2806,船舶用涂料,2681
2807,家具用涂料,2681
2808,特种涂料,2681
2809,其它,2681
2810,营养性添加剂,2682
2811,非营养性添加剂,2682
2812,其它,2682
2813,直接染料,2683
2814,酸性染料,2683
2815,分散染料,2683
2816,反应性染料,2683
2817,阳离子染料,2683
2818,其它,2683
2819,通用塑料,2686
2820,工程塑料,2686
2821,色母,2686
2822,再生料,2686
2823,其它,2686
2824,天然橡胶,2687
2825,合成橡胶,2687
2826,其它,2687
2827,聚氨酯原料,2688
2828,PU产品,2688
2829,其它,2688
2830,切片,2689
2831,涤纶,2689
2832,锦纶,2689
2833,腈纶,2689
2834,氨纶,2689
2835,丙纶,2689
2836,维纶,2689
2837,功能纤维,2689
2838,人造纤维,2689
2839,其它,2689
2840,专用催化剂,2690
2841,催化剂用载体,2690
2842,其它,2690
2843,涂料助剂,2694
2844,水处理化学品,2694
2845,信息用化学品,2694
2846,电子工业用助剂,2694
2847,造纸助剂,2694
2848,橡胶助剂,2694
2849,塑料助剂,2694
2850,皮革助剂,2694
2851,纺织、印染助剂,2694
2852,吸附剂,2694
2853,表面活性剂,2694
2854,乳化剂,2694
2855,发泡剂,2694
2856,金属加工助剂,2694
2857,其它,2694
2858,无机胶粘剂,2695
2859,天然胶粘剂,2695
2860,合成胶粘剂,2695
2861,其它,2695
2862,天然香料,2697
2863,合成香料,2697
2864,食用香精,2697
2865,日用香精,2697
2866,其它,2697
2867,玻璃工业专用设备,2699
2868,橡胶工业专用设备,2699
2869,储运设备,2699
2870,反应器,2699
2871,干燥设备,2699
2872,混合设备,2699
2873,分离设备,2699
2874,粉碎设备,2699
2875,传热设备,2699
2876,压力容器,2699
2877,输送设备,2699
2878,实验设备,2699
2879,制冷设备,2699
2880,环保设备,2699
2881,成型设备,2699
2882,化工仪表,2699
2883,化工成套设备,2699
2884,化工设备配件,2699
2885,化工管道及配件,2699
2886,其它,2699
2887,塑料薄膜,2700
2888,塑料板(片、节)、棒,2700
2889,塑料管,2700
2890,塑料容器,2700
2891,工农业用塑料制品,2700
2892,塑料建材,2700
2893,塑料工艺品,2700
2894,家用塑料制品,2700
2895,塑料包装制品,2700
2896,其它,2700
2897,轮胎,2701
2898,农业用橡(乳)胶制品,2701
2899,工业用橡(乳)胶制品,2701
2900,文教用橡(乳)胶制品,2701
2901,医用橡(乳)胶制品,2701
2902,家用橡(乳)胶制品,2701
2903,其它,2701
2904,深加工玻璃,2703
2905,普通玻璃,2703
2906,建筑玻璃,2703
2907,特种玻璃,2703
2908,其它,2703
2909,试管、滴管,2704
2910,坩埚,2704
2911,量筒、量杯,2704
2912,烧杯、烧瓶,2704
2913,酒精灯,2704
2914,蒸馏器,2704
2915,比色皿,2704
2916,容量瓶,2704
2917,其它,2704
2960,室内涂料,2918
2961,室外涂料,2918
2962,木工油漆,2918
2963,防锈漆,2918
2964,其它,2918
2965,竹地板,2919
2966,实木地板,2919
2967,塑胶地板,2919
2968,复合地板,2919
2969,防静电地板,2919
2970,地板料,2919
2971,其它,2919
2972,锁具,2921
2973,水暖五金,2921
2974,门窗五金,2921
2975,拉手,2921
2976,其它,2921
2977,石材养护,2922
2978,人造石,2922
2979,板岩、文化石,2922
2980,花岗岩,2922
2981,大理石,2922
2982,砂岩,2922
2983,沙石、砾石、卵石,2922
2984,其它,2922
2985,壁橱、橱柜,2929
2986,操作台,2929
2987,水槽、洗涤槽,2929
2988,炊具挂盘,2929
2989,污物桶,2929
2990,整体厨房,2929
2991,其它,2929
2992,冷热水系统,2932
2993,上水系统,2932
2994,燃气系统,2932
2995,排水系统,2932
2996,管道辅助材料,2932
2997,其它,2932
2998,建筑图纸、模型设计,2933
2999,装潢设计,2933
3000,工程监理,2933
3001,工程规划,2933
3002,工程施工,2933
3003,绿化工程,2933
3004,其它,2933
3005,防护眼镜眼罩,2935
3006,防护耳塞耳罩,2935
3007,防护面罩面具,2935
3008,防护手套,2935
3009,防护鞋,2935
3010,防护服,2935
3011,安全帽,2935
3012,安全带、安全绳,2935
3013,安全网,2935
3014,软梯、逃生梯,2935
3015,其它,2935
3016,墙面砖,2938
3017,防滑砖,2938
3018,耐磨砖,2938
3019,釉面砖,2938
3020,抛光砖,2938
3021,马赛克,2938
3022,其它,2938
3023,线材,2939
3024,片材,2939
3025,原材,2939
3026,板材,2939
3027,型材,2939
3028,其它,2939
3029,防盗门,2941
3030,复合门,2941
3031,玻璃门,2941
3032,木门,2941
3033,塑料、塑钢门,2941
3034,金属门,2941
3035,其它,2941
3036,软管,2948
3037,PPR管,2948
3038,UPVC管,2948
3039,钢管,2948
3040,镀锌管,2948
3041,复合管,2948
3042,其它,2948
3043,手纸架,2949
3044,置物架,2949
3045,毛巾杆（环）,2949
3046,肥皂架,2949
3047,杯架,2949
3048,其它,2949
3049,台灯,2952
3050,吊灯,2952
3051,壁灯,2952
3052,落地灯,2952
3053,吸顶灯,2952
3054,筒灯,2952
3055,其它,2952
3073,木工胶,2958
3074,瓷砖胶,2958
3075,金属胶,2958
3076,石材干挂胶,2958
3077,玻璃胶,2958
3078,幕墙胶,2958
3079,墙纸胶,2958
3080,其它,2958
3081,檐口线脚,2959
3082,挂镜线,2959
3083,踢脚板,2959
3084,护墙板,2959
3085,其它,2959
3086,金属窗,3057
3087,木窗,3057
3088,塑料、塑钢窗,3057
3089,复合窗,3057
3090,其它,3057
3091,三通,3064
3092,异径管,3064
3093,弯头,3064
3094,管帽,3064
3095,法兰,3064
3096,其它,3064
3097,消防设备,3067
3098,门禁考勤器材及系统,3067
3099,电子巡更系统,3067
3100,集成防盗报警系统,3067
3101,监控器材及系统,3067
3102,防盗、报警器材及系统,3067
3103,电梯及配件,3067
3104,楼宇对讲设备,3067
3105,楼梯及配件,3067
3106,其它,3067
3107,挖掘机械,3068
3108,桩工机械,3068
3109,铲土运输机械,3068
3110,路面机械,3068
3111,装载机械,3068
3112,钢筋和预应力机械,3068
3113,园林和高空作业机械,3068
3114,市政和环境卫生机械,3068
3115,工程机械配件,3068
3116,工程、建筑起重机,3068
3117,压实机械,3068
3118,凿岩机械,3068
3119,混凝土搅拌及其输送机械,3068
3120,装修机械,3068
3121,其它,3068
3187,CRT显示器,3124
3188,液晶显示器,3124
3189,等离子显示器,3124
3190,其它,3124
3191,CD-R/RW,3133
3192,DVD-R/RW,3133
3193,磁盘,3133
3194,其它,3133
3195,财务管理软件,3138
3196,企业管理软件,3138
3197,客户管理软件,3138
3198,物流管理软件,3138
3199,其它,3138
3200,显卡,3145
3201,声卡,3145
3202,视频采集卡,3145
3203,转接卡,3145
3204,其它,3145
3205,键盘,3146
3206,机械鼠标,3146
3207,轨迹球鼠标,3146
3208,光电鼠标,3146
3209,无线鼠标,3146
3210,键鼠套装,3146
3211,其它,3146
3212,墨盒（水）,3154
3213,硒鼓,3154
3214,色带、碳带,3154
3215,碳粉,3154
3216,其它,3154
3217,CD盒,3155
3218,CD包（袋）,3155
3219,电脑包（袋）,3155
3220,鼠标垫,3155
3221,视保屏,3155
3222,电脑加密锁,3155
3223,防辐用品,3155
3224,其它,3155
3225,网络电话及传真,3161
3226,电子商务,3161
3227,域名注册服务,3161
3228,企业上网服务,3161
3229,网页制作服务,3161
3230,虚拟主机,3161
3231,软驱,3167
3232,CD-ROM,3167
3233,DVD-ROM,3167
3234,COMBO,3167
3235,刻录机,3167
3236,其它,3167
3237,交换机,3171
3238,调制解调器,3171
3239,网卡、无线网卡,3171
3240,路由器,3171
3241,集线器,3171
3242,适配器,3171
3243,转换器、切换器,3171
3244,中继器,3171
3245,防火墙,3171
3246,网络机柜,3171
3247,VPN设备,3171
3248,语音/传真网关,3171
3249,布线产品,3171
3250,无线网络设备,3171
3251,网络测试设备,3171
3252,光纤设备,3171
3253,其它,3171
3254,移动硬盘,3176
3255,U盘,3176
3256,闪存卡,3176
3257,其它,3176
3258,喷墨打印机,3177
3259,激光打印机,3177
3260,针式打印机,3177
3261,热转印机,3177
3262,其它,3177
3263,编程开发软件,3181
3264,图文处理软件,3181
3265,多媒体软件,3181
3266,网络工具软件,3181
3267,系统软件,3181
3268,文件管理软件,3181
3269,安全相关软件,3181
3270,其它,3181
3311,苹果,3271
3312,梨,3271
3313,桃,3271
3314,草莓,3271
3315,葡萄,3271
3316,柑桔、橙、柚,3271
3317,坚果、干果,3271
3318,荔枝,3271
3319,香蕉,3271
3320,菠萝,3271
3321,枣,3271
3322,桂圆（龙眼）,3271
3323,瓜类,3271
3324,其它,3271
3325,叶菜类,3272
3326,豆荚类,3272
3327,瓜果类,3272
3328,块茎类,3272
3329,根菜类,3272
3330,水生菜类,3272
3331,野生菜类,3272
3332,其它,3272
3333,青茶,3274
3334,黑茶,3274
3335,白茶,3274
3336,黄茶,3274
3337,绿茶,3274
3338,红茶,3274
3339,花茶,3274
3340,其它,3274
3341,冷冻水产品,3275
3342,干制水产品,3275
3343,腌制水产品,3275
3344,其它,3275
3345,果露酒,3277
3346,黄酒,3277
3347,白酒,3277
3348,啤酒,3277
3349,葡萄酒、香槟,3277
3350,药酒、保健酒,3277
3351,其它,3277
3352,饼干糕点,3279
3353,蜜饯类,3279
3354,果冻类,3279
3355,炒货类,3279
3356,干果类,3279
3357,肉干肉脯,3279
3358,鱼干鱼丝,3279
3359,膨化食品,3279
3360,糖果、巧克力,3279
3361,其它,3279
3362,香肠,3280
3363,火腿,3280
3364,腌、腊肉,3280
3365,酱、卤肉,3280
3366,其它,3280
3367,鱼类,3285
3368,虾类,3285
3369,蟹类,3285
3370,鳖类,3285
3371,贝类,3285
3372,藻类,3285
3373,其它,3285
3374,蘑菇,3286
3375,木耳、银耳,3286
3376,其它,3286
3377,面粉,3288
3378,面条,3288
3379,大米,3288
3380,米粉,3288
3381,粉丝、粉皮,3288
3382,面包,3288
3383,其它,3288
3384,花生油,3289
3385,豆油,3289
3386,菜籽油,3289
3387,调和油,3289
3388,动物油,3289
3389,其它,3289
3390,茶饮料,3291
3391,碳酸饮料,3291
3392,饮用水,3291
3393,果蔬汁,3291
3394,功能饮料,3291
3395,其它,3291
3396,果酱,3292
3397,调味油,3292
3398,调味香料,3292
3399,味精、鸡精,3292
3400,食盐,3292
3401,醋,3292
3402,酱油,3292
3403,姜,3292
3404,蒜,3292
3405,葱,3292
3406,辣椒,3292
3407,调味酱,3292
3408,其它,3292
3409,速冻面点,3293
3410,方便面,3293
3411,方便米粉,3293
3412,方便粥,3293
3413,即冲汤料,3293
3414,其它,3293
3415,炊事、烘焙设备,3295
3416,冷冻食品加工设备,3295
3417,休闲食品加工设备,3295
3418,调味品加工设备,3295
3419,豆、乳制品加工设备,3295
3420,罐头食品加工设备,3295
3421,果蔬加工设备,3295
3422,酒及饮料生产设备,3295
3423,肉制品加工设备,3295
3424,其它,3295
3425,稻谷,3298
3426,麦类,3298
3427,玉米,3298
3428,高粱、粟、黍,3298
3429,豆类,3298
3430,薯类,3298
3431,其它,3298
3432,脱水蔬菜,3300
3433,冷冻蔬菜,3300
3434,酱腌菜,3300
3435,干菜,3300
3436,其它,3300
3437,猪肉,3301
3438,牛肉,3301
3439,羊肉,3301
3440,鸡肉,3301
3441,鸭肉,3301
3442,鹅肉,3301
3443,畜、禽副产品,3301
3444,其它,3301
3445,砂糖,3302
3446,冰糖,3302
3447,方糖,3302
3448,糖浆,3302
3449,其它,3302
3450,咖啡,3304
3451,速溶茶,3304
3452,营养饮品,3304
3453,其它,3304
3454,保健茶,3305
3455,免疫抗疲劳,3305
3456,调节血脂、血糖、血压,3305
3457,延缓衰老,3305
3458,改善记忆、睡眠,3305
3459,改善视力,3305
3460,改善胃肠,3305
3461,促进生长发育,3305
3462,补钙、补血,3305
3463,护肝、养肾,3305
3464,美容、减肥,3305
3465,其它,3305
3466,水产罐头,3306
3467,食用菌罐头,3306
3468,肉罐头,3306
3469,水果罐头,3306
3470,蔬菜罐头,3306
3471,其它,3306
3472,酸度调节剂,3308
3473,抗氧化剂,3308
3474,漂白剂,3308
3475,着色剂,3308
3476,护色剂,3308
3477,酶制剂,3308
3478,增味剂,3308
3479,防腐剂,3308
3480,甜味剂,3308
3481,增稠剂,3308
3482,其它,3308
3516,口腔用具,3483
3517,乳房护理,3483
3518,头发护理,3483
3519,剃须、除毛,3483
3520,指甲修护,3483
3521,美容材料及用具,3483
3522,美容仪器,3483
3523,卫浴用具,3483
3524,按摩用品,3483
3525,其它,3483
3526,保健茶,3498
3527,免疫抗疲劳,3498
3528,调节血脂、血糖、血压,3498
3529,延缓衰老,3498
3530,改善记忆、睡眠,3498
3531,改善视力,3498
3532,改善胃肠,3498
3533,促进生长发育,3498
3534,补钙、补血,3498
3535,护肝、养肾,3498
3536,美容、减肥,3498
3537,其它,3498
3538,植物药材,3509
3539,动物药材,3509
3540,其它,3509
3564,高尔夫球袋,3541
3565,篮、排、足球,3541
3566,羽毛球、乒乓球,3541
3567,棒球、垒球,3541
3568,网球,3541
3569,高尔夫,3541
3570,保龄球,3541
3571,台球,3541
3572,飞镖,3541
3573,滑板车,3541
3574,溜冰、滑板、滑雪,3541
3575,潜水及水上用品,3541
3576,武术、拳击、体操,3541
3577,运动服,3541
3578,运动护具,3541
3579,相关产品,3541
3580,其它,3541
3581,酒店成套家具,3553
3582,酒店沙发,3553
3583,椅,3553
3584,桌,3553
3585,茶几,3553
3586,行李柜,3553
3587,梳妆台,3553
3588,电视柜,3553
3589,床头柜,3553
3590,床,3553
3591,其它,3553
3617,镜头,3592
3618,监控摄像机,3592
3619,光端机,3592
3620,监视器,3592
3621,画面处理器,3592
3622,记录设备,3592
3623,矩阵,3592
3624,编码器、解码器,3592
3625,护罩、球罩,3592
3626,云台,3592
3627,监控器支架,3592
3628,监控主机,3592
3629,集成监控系统,3592
3630,其它,3592
3631,防火设备,3593
3632,火警探测、报警设备,3593
3633,灭火器材,3593
3634,消防警示标志,3593
3635,其它,3593
3636,考勤机,3596
3637,指纹采集仪,3596
3638,门禁读卡器,3596
3639,门禁机,3596
3640,闭门器、开门器,3596
3641,门禁控制器,3596
3642,一卡通管理系统,3596
3643,门禁考勤系统,3596
3644,其它,3596
3645,防护眼镜眼罩,3597
3646,防护耳塞耳罩,3597
3647,防护面罩面具,3597
3648,防护手套,3597
3649,防护鞋,3597
3650,防护服,3597
3651,安全帽,3597
3652,安全带、安全绳,3597
3653,安全网,3597
3654,软梯、逃生梯,3597
3655,其它,3597
3656,防盗门,3601
3657,集成防盗报警系统,3601
3658,保险柜,3601
3659,探头、感应器,3601
3660,警号、闪灯,3601
3661,门磁、窗磁,3601
3662,发射器、接收器,3601
3663,个人报警器,3601
3664,接警、报警主机,3601
3665,其它,3601
3666,安检门,3602
3667,安检探测器,3602
3668,反偷拍、反窃听器材,3602
3669,其它,3602
3670,门铃,3605
3671,可视对讲,3605
3672,非可视对讲,3605
3673,其它,3605
3674,交通安全标志,3609
3675,交通警示灯,3609
3676,交通安全服装,3609
3677,交通指挥设备,3609
3678,道路减速设备,3609
3679,隔离栅、栏、网,3609
3680,防撞设施,3609
3681,路障,3609
3682,安全凸面镜,3609
3683,其它,3609
3684,锁具配件,3612
3685,摩托车锁,3612
3686,箱包锁,3612
3687,密码锁,3612
3688,自行车锁,3612
3689,汽车锁,3612
3690,机械门锁,3612
3691,窗锁,3612
3692,家具锁、办公锁,3612
3693,挂锁,3612
3694,指纹锁,3612
3695,IC卡锁,3612
3696,磁卡锁,3612
3697,其它,3612
3698,磁卡,3613
3699,IC卡,3613
3700,射频卡,3613
3701,条码卡,3613
3702,其它,3613
3742,牛皮纸,3725
3743,瓦楞原纸,3725
3744,板纸,3725
3745,卡纸,3725
3746,纸袋纸、杯纸,3725
3747,防油、防潮纸,3725
3748,玻璃纸,3725
3749,铝箔纸,3725
3750,羊皮、鸡皮纸,3725
3751,透明纸,3725
3752,卷烟用纸,3725
3753,商标、标签纸,3725
3754,淋膜纸,3725
3755,硅油纸,3725
3756,其它,3725
3769,卫生纸,3726
3770,卫生巾,3726
3771,纸巾,3726
3772,湿巾,3726
3773,其它,3726
3784,新闻纸,3727
3785,胶版纸,3727
3786,铜版纸,3727
3787,书刊纸,3727
3788,字典纸,3727
3789,水印纸,3727
3790,邮票纸,3727
3791,艺术纸,3727
3792,拷贝纸,3727
3793,热敏纸,3727
3794,宣纸,3727
3795,其它,3727
3757,打印、复印纸,3728
3758,彩喷纸,3728
3759,传真纸,3728
3760,书写纸,3728
3761,复写纸,3728
3762,描图、绘图纸,3728
3763,收银纸,3728
3764,其它,3728
3774,离型纸,3729
3775,碳素纸,3729
3776,绝缘纸,3729
3777,滤纸,3729
3778,试纸,3729
3779,电容器纸,3729
3780,浸渍纸,3729
3781,砂纸,3729
3782,防锈纸,3729
3783,其它,3729
3765,废纸浆,3734
3766,木浆,3734
3767,草浆,3734
3768,其它,3734
